shortener,prolonger,n,seed,L,abs_L_over_n,L_times_logn_over_n,P_size,sum_inv_p,max_p_in_B,num_primes_in_B,sum_omega,log_log_n,ratio_to_loglog,wall_seconds
S_slp_odd,P_block_product,1000,0,187,0.187,1.2917502371696596,94,1.7141672233903524,997,87,111,1.9326447339160655,0.8869541273201216,0.004120166995562613
S_slp_odd,P_block_product,10000,0,1361,0.1361,1.2535273246259584,681,1.9532111435849588,9967,620,763,2.2203268063678463,0.8796953394352552,0.049746250006137416
S_slp_odd,P_block_product,100000,0,10576,0.10576,1.2176069971752512,5288,2.1370305298837606,99989,4809,5822,2.443470357682056,0.8745882769419013,0.7430926250090124
S_slp_odd,P_block_product,1000000,0,85003,0.085003,1.1743598439586371,42502,2.2965330259739267,999983,39281,45914,2.625791914476011,0.8746058715898707,10.14587149998988
S_slp_odd,P_interval_top,1000,0,201,0.201,1.3884588110754097,101,1.1027125653633694,997,68,165,1.9326447339160655,0.5705717900511248,0.0009843750012805685
S_slp_odd,P_interval_top,10000,0,1436,0.1436,1.32260487741578,718,1.0492754904755741,9949,511,1140,2.2203268063678463,0.47257704922819294,0.011323333004838787
S_slp_odd,P_interval_top,100000,0,12314,0.12314,1.4177016417564339,6157,1.2945737296942414,99971,3435,11550,2.443470357682056,0.529809467761381,0.15623179099929985
S_slp_odd,P_interval_top,1000000,0,95940,0.09594,1.3254600829310925,47970,1.2432685698282469,999979,30528,83218,2.625791914476011,0.47348328059588335,2.126280875003431
S_slp_odd,P_heuristic_maxdeg,1000,0,168,0.168,1.160502886868999,84,1.2335831151186951,991,84,84,1.9326447339160655,0.6382875721908388,0.0034404999896651134
S_slp_odd,P_heuristic_maxdeg,10000,0,1229,0.1229,1.131950831715873,615,1.3763583326301014,9973,615,615,2.2203268063678463,0.6198899768640983,0.0405349579959875
S_slp_odd,P_heuristic_maxdeg,100000,0,9592,0.09592,1.1043198105999443,4796,1.487436739148394,99989,4796,4796,2.443470357682056,0.6087394244305128,0.5658900419948623
S_slp_odd,P_heuristic_maxdeg,1000000,0,78498,0.078498,1.0844899477790797,39249,1.5784669751768943,999979,39249,39249,2.625791914476011,0.6011393996892114,7.554961707995972
S_adaptive_prime,P_block_product,1000,0,187,0.187,1.2917502371696596,94,1.7141672233903524,997,87,111,1.9326447339160655,0.8869541273201216,0.003906291996827349
S_adaptive_prime,P_block_product,10000,0,1361,0.1361,1.2535273246259584,681,1.9532111435849588,9967,620,763,2.2203268063678463,0.8796953394352552,0.039112957994802855
S_adaptive_prime,P_block_product,100000,0,10576,0.10576,1.2176069971752512,5288,2.1370305298837606,99989,4809,5822,2.443470357682056,0.8745882769419013,0.6062507080059731
S_adaptive_prime,P_block_product,1000000,0,85003,0.085003,1.1743598439586371,42502,2.2965330259739267,999983,39281,45914,2.625791914476011,0.8746058715898707,8.418037583003752
S_adaptive_prime,P_interval_top,1000,0,201,0.201,1.3884588110754097,101,1.1027125653633694,997,68,165,1.9326447339160655,0.5705717900511248,0.0009792920027393848
S_adaptive_prime,P_interval_top,10000,0,1436,0.1436,1.32260487741578,718,1.0492754904755741,9949,511,1140,2.2203268063678463,0.47257704922819294,0.01137537500471808
S_adaptive_prime,P_interval_top,100000,0,12314,0.12314,1.4177016417564339,6157,1.2945737296942414,99971,3435,11550,2.443470357682056,0.529809467761381,0.16204995798761956
S_adaptive_prime,P_interval_top,1000000,0,95940,0.09594,1.3254600829310925,47970,1.2432685698282469,999979,30528,83218,2.625791914476011,0.47348328059588335,2.1486329159961315
S_adaptive_prime,P_heuristic_maxdeg,1000,0,168,0.168,1.160502886868999,84,1.2335831151186951,991,84,84,1.9326447339160655,0.6382875721908388,0.003187541995430365
S_adaptive_prime,P_heuristic_maxdeg,10000,0,1229,0.1229,1.131950831715873,615,1.3763583326301014,9973,615,615,2.2203268063678463,0.6198899768640983,0.04097533400636166
S_adaptive_prime,P_heuristic_maxdeg,100000,0,9592,0.09592,1.1043198105999443,4796,1.487436739148394,99989,4796,4796,2.443470357682056,0.6087394244305128,0.5688688330119476
S_adaptive_prime,P_heuristic_maxdeg,1000000,0,78498,0.078498,1.0844899477790797,39249,1.5784669751768943,999979,39249,39249,2.625791914476011,0.6011393996892114,7.733500333008124
S_carrier_snipe,P_block_product,1000,0,272,0.272,1.8789094358831413,136,1.9943728866892678,997,129,150,1.9326447339160655,1.031939730924123,0.0041670409991638735
S_carrier_snipe,P_block_product,10000,0,2225,0.2225,2.049300732764701,1113,2.253703222815416,9973,917,1324,2.2203268063678463,1.0150322089306165,0.04801854200195521
S_carrier_snipe,P_block_product,100000,0,18789,0.18789,2.163163565613256,9395,2.4882189856146617,99991,7115,11780,2.443470357682056,1.0183135546506303,0.7113534169911873
S_carrier_snipe,P_block_product,1000000,0,163369,0.163369,2.2570261443440653,81685,2.6899626479300993,999983,58169,105835,2.625791914476011,1.0244386210119372,10.758712625000044
S_carrier_snipe,P_interval_top,1000,0,400,0.4,2.763102111592855,200,2.1142259828357917,997,135,339,1.9326447339160655,1.0939547997276213,0.0012921659945277497
S_carrier_snipe,P_interval_top,10000,0,3783,0.3783,3.4842717627185906,1892,2.4121913622433224,9973,963,3563,2.2203268063678463,1.0864127547914177,0.01565699999628123
S_carrier_snipe,P_interval_top,100000,0,36564,0.36564,4.209586067011714,18282,2.642366018081957,99991,7314,37421,2.443470357682056,1.0813988431554287,0.20833220799977425
S_carrier_snipe,P_interval_top,1000000,0,356344,0.356344,4.923074294267221,178172,2.831165632198241,999983,58745,388598,2.625791914476011,1.0782140110151162,2.7086812920024386
S_carrier_snipe,P_heuristic_maxdeg,1000,0,168,0.168,1.160502886868999,84,1.2335831151186951,991,84,84,1.9326447339160655,0.6382875721908388,0.0036023749999003485
S_carrier_snipe,P_heuristic_maxdeg,10000,0,1229,0.1229,1.131950831715873,615,1.3763583326301014,9973,615,615,2.2203268063678463,0.6198899768640983,0.05722816700290423
S_carrier_snipe,P_heuristic_maxdeg,100000,0,9592,0.09592,1.1043198105999443,4796,1.487436739148394,99989,4796,4796,2.443470357682056,0.6087394244305128,1.5482012499996927
S_carrier_snipe,P_heuristic_maxdeg,1000000,0,78498,0.078498,1.0844899477790797,39249,1.5784669751768943,999979,39249,39249,2.625791914476011,0.6011393996892114,95.38421416700294
S_primorial_anchor,P_block_product,1000,0,208,0.208,1.4368130980282845,104,2.067345536938384,991,110,110,1.9326447339160655,1.0696976535099536,0.003944791998947039
S_primorial_anchor,P_block_product,10000,0,1542,0.1542,1.4202344853587276,771,2.3753387259794128,9967,786,786,2.2203268063678463,1.0698149115558104,0.04892616700090002
S_primorial_anchor,P_block_product,100000,0,11652,0.11652,1.3414860751783309,5826,2.600902597393959,99989,5862,5862,2.443470357682056,1.0644297726866012,0.7542106670007342
S_primorial_anchor,P_block_product,1000000,0,92491,0.092491,1.2778103870166735,46246,2.784117019534826,999983,46336,46336,2.625791914476011,1.0602961354957212,11.015378541997052
S_primorial_anchor,P_interval_top,1000,0,174,0.174,1.2019494185428918,87,0.7008245984094156,997,88,101,1.9326447339160655,0.3626246387194783,0.0009798329992918298
S_primorial_anchor,P_interval_top,10000,0,1258,0.1258,1.158660818794604,629,0.5839413611146015,9967,626,709,2.2203268063678463,0.2629979332050899,0.01139145900378935
S_primorial_anchor,P_interval_top,100000,0,9985,0.09985,1.1495656076772773,4993,0.7796706836288083,99991,4921,5710,2.443470357682056,0.3190833402900069,0.1478544589917874
S_primorial_anchor,P_interval_top,1000000,0,103077,0.103077,1.4240613817832835,51539,1.7040580642228667,999983,41982,73683,2.625791914476011,0.6489691947135573,2.2058939159906004
S_primorial_anchor,P_heuristic_maxdeg,1000,0,168,0.168,1.160502886868999,84,1.2335831151186951,991,84,84,1.9326447339160655,0.6382875721908388,0.0032257920101983473
S_primorial_anchor,P_heuristic_maxdeg,10000,0,1229,0.1229,1.131950831715873,615,1.3763583326301014,9973,615,615,2.2203268063678463,0.6198899768640983,0.040766958001768216
S_primorial_anchor,P_heuristic_maxdeg,100000,0,9592,0.09592,1.1043198105999443,4796,1.487436739148394,99989,4796,4796,2.443470357682056,0.6087394244305128,0.5908799590106355
S_primorial_anchor,P_heuristic_maxdeg,1000000,0,78498,0.078498,1.0844899477790797,39249,1.5784669751768943,999979,39249,39249,2.625791914476011,0.6011393996892114,7.923455707990797
S_pair_response,P_block_product,1000,0,187,0.187,1.2917502371696596,94,1.7141672233903524,997,87,111,1.9326447339160655,0.8869541273201216,0.0033873749925987795
S_pair_response,P_block_product,10000,0,1361,0.1361,1.2535273246259584,681,1.9532111435849588,9967,620,763,2.2203268063678463,0.8796953394352552,0.04554437499609776
S_pair_response,P_block_product,100000,0,10576,0.10576,1.2176069971752512,5288,2.1370305298837606,99989,4809,5822,2.443470357682056,0.8745882769419013,1.0337644579994958
S_pair_response,P_block_product,1000000,0,85003,0.085003,1.1743598439586371,42502,2.2965330259739267,999983,39281,45914,2.625791914476011,0.8746058715898707,37.381733959002304
S_pair_response,P_interval_top,1000,0,174,0.174,1.2019494185428918,87,0.6496126227511269,997,83,105,1.9326447339160655,0.33612624780491057,0.0009987079974962398
S_pair_response,P_interval_top,10000,0,1253,0.1253,1.1540556486086158,627,0.5750257027040544,9973,607,726,2.2203268063678463,0.2589824619758199,0.014825000005657785
S_pair_response,P_interval_top,100000,0,10006,0.10006,1.1519833220249212,5003,0.724072285102724,99989,4651,6064,2.443470357682056,0.29632947370378543,0.4147957080131164
S_pair_response,P_interval_top,1000000,0,81704,0.081704,1.128782474627913,40852,0.7186039801700008,999979,38143,49263,2.625791914476011,0.273671335572454,20.709787165993475
S_pair_response,P_heuristic_maxdeg,1000,0,168,0.168,1.160502886868999,84,1.2335831151186951,991,84,84,1.9326447339160655,0.6382875721908388,0.003189416995155625
S_pair_response,P_heuristic_maxdeg,10000,0,1229,0.1229,1.131950831715873,615,1.3763583326301014,9973,615,615,2.2203268063678463,0.6198899768640983,0.04751791700255126
S_pair_response,P_heuristic_maxdeg,100000,0,9592,0.09592,1.1043198105999443,4796,1.487436739148394,99989,4796,4796,2.443470357682056,0.6087394244305128,1.0133425000094576
S_pair_response,P_heuristic_maxdeg,1000000,0,78498,0.078498,1.0844899477790797,39249,1.5784669751768943,999979,39249,39249,2.625791914476011,0.6011393996892114,36.50486637499125
S_harmonic,P_block_product,1000,0,264,0.264,1.823647393651284,132,2.0276842258616146,991,105,185,1.9326447339160655,1.0491758729774268,0.0067092500103171915
S_harmonic,P_block_product,10000,0,2269,0.2269,2.0898262304013957,1135,2.371680241166019,9967,768,1709,2.2203268063678463,1.0681671879851626,0.10252945900720078
S_harmonic,P_block_product,100000,0,19264,0.19264,2.217849961571865,9632,2.6204008685690865,99989,5982,14987,2.443470357682056,1.0724095180163642,1.7040425420127576
S_harmonic,P_block_product,1000000,0,168096,0.168096,2.3223320627515625,84048,2.8203800796285563,999979,48982,134022,2.625791914476011,1.074106468254312,25.478488624998135
S_harmonic,P_interval_top,1000,0,463,0.463,3.1982906941687292,232,1.9874597512298071,593,69,544,1.9326447339160655,1.0283626971640418,0.00479149998864159
S_harmonic,P_interval_top,10000,0,4771,0.4771,4.394253391469838,2386,2.323451681936849,5669,447,6308,2.2203268063678463,1.0464458093615963,0.06847304200346116
S_harmonic,P_interval_top,100000,0,48221,0.48221,5.551647788463295,24111,2.583621225592509,55207,3355,68568,2.443470357682056,1.0573573022769975,1.1934942080115434
S_harmonic,P_interval_top,1000000,0,482671,0.482671,6.668346296523175,241336,2.7853123800771136,542219,26071,728160,2.625791914476011,1.0607513736033938,19.469143708003685
S_harmonic,P_heuristic_maxdeg,1000,0,229,0.229,1.5818759588869094,115,1.9228247642908554,997,69,174,1.9326447339160655,0.9949188956185898,0.0055960420140763745
S_harmonic,P_heuristic_maxdeg,10000,0,2008,0.2008,1.8494363466928179,1004,2.282971505756919,9949,377,1799,2.2203268063678463,1.0282141796466218,0.07193533300596755
S_harmonic,P_heuristic_maxdeg,100000,0,17938,0.17938,2.0651885699063595,8969,2.540641292544945,33331,2335,16908,2.443470357682056,1.0397675930699926,1.245923333990504
S_harmonic,P_heuristic_maxdeg,1000000,0,163689,0.163689,2.261447107722614,81845,2.746452069064518,333299,16692,156868,2.625791914476011,1.0459519103259123,18.655892541995854
S_slp_odd,P_random,1000,0,174,0.174,1.2019494185428918,87,0.8643190648431885,997,82,110,1.9326447339160655,0.44722087286670753,0.0011885419953614473
S_slp_odd,P_random,1000,1,185,0.185,1.2779347266116954,93,0.9921228333379852,997,76,131,1.9326447339160655,0.5133498236521069,0.0011554170050658286
S_slp_odd,P_random,1000,2,191,0.191,1.319381258285588,96,1.0956359765820076,997,73,138,1.9326447339160655,0.566910181346134,0.0008757079922361299
S_slp_odd,P_random,1000,3,209,0.209,1.4437208533072667,105,1.1756433577994454,997,65,176,1.9326447339160655,0.6083080543299187,0.0009584999934304506
S_slp_odd,P_random,1000,4,200,0.2,1.3815510557964275,100,1.170311187220657,997,68,155,1.9326447339160655,0.6055490523854776,0.0009326670115115121
S_slp_odd,P_random,1000,5,197,0.197,1.360827789959481,99,1.1372938438624645,997,70,153,1.9326447339160655,0.5884650313138499,0.0009357499948237091
S_slp_odd,P_random,1000,6,190,0.19,1.3124735030066061,95,0.9643702271809201,997,74,137,1.9326447339160655,0.4989899127641752,0.0008995420066639781
S_slp_odd,P_random,1000,7,195,0.195,1.3470122794015167,98,1.1378321292506859,997,71,149,1.9326447339160655,0.5887435539925269,0.0009467919880989939
S_slp_odd,P_random,1000,8,192,0.192,1.3262890135645702,96,1.1383907740421033,991,73,140,1.9326447339160655,0.5890326111490822,0.000861666994751431
S_slp_odd,P_random,1000,9,185,0.185,1.2779347266116954,93,0.9622688952497711,997,76,129,1.9326447339160655,0.4979026296778052,0.0008331669960170984
S_slp_odd,P_random,10000,0,1250,0.125,1.151292546497023,625,0.7656757549907887,9973,605,778,2.2203268063678463,0.34484822360152034,0.010875667008804157
S_slp_odd,P_random,10000,1,1340,0.134,1.2341856098448087,670,1.0113383122644526,9973,559,935,2.2203268063678463,0.4554907454902393,0.010502167002414353
S_slp_odd,P_random,10000,2,1362,0.1362,1.2544483586631563,681,1.0244379334841003,9973,550,983,2.2203268063678463,0.46139060725026415,0.011485791997984052
S_slp_odd,P_random,10000,3,1527,0.1527,1.4064189748007634,764,1.3050145871338918,9973,489,1293,2.2203268063678463,0.5877578847362199,0.01149762500426732
S_slp_odd,P_random,10000,4,1331,0.1331,1.2258963035100299,666,1.0143260719357048,9973,565,923,2.2203268063678463,0.4568363850882856,0.010803625002154149
S_slp_odd,P_random,10000,5,1316,0.1316,1.2120807929520656,658,0.9539513513155149,9973,573,885,2.2203268063678463,0.42964456789856537,0.01165670799673535
S_slp_odd,P_random,10000,6,1299,0.1299,1.1964232143197062,650,0.9029460573875452,9973,581,860,2.2203268063678463,0.4066725919796656,0.010838249989319593
S_slp_odd,P_random,10000,7,1402,0.1402,1.291289720151061,701,1.1747402537330907,9973,538,1055,2.2203268063678463,0.5290843899033073,0.0112890000018524
S_slp_odd,P_random,10000,8,1284,0.1284,1.182607703761742,642,0.8860010841067255,9973,587,844,2.2203268063678463,0.39904084460255795,0.00974300000234507
S_slp_odd,P_random,10000,9,1401,0.1401,1.2903686861138632,701,1.1200001089198315,9973,534,1052,2.2203268063678463,0.5044302963454285,0.010618625005008653
S_slp_odd,P_random,100000,0,10631,0.10631,1.223939106180985,5316,1.0403862045022778,99991,4315,7661,2.443470357682056,0.4257822081742858,0.16924270799790975
S_slp_odd,P_random,100000,1,11259,0.11259,1.296240278100998,5630,1.2147426004778796,99991,4029,8985,2.443470357682056,0.4971382593854006,0.1724686660018051
S_slp_odd,P_random,100000,2,10667,0.10667,1.2280837593483742,5334,1.082919272282196,99991,4284,7698,2.443470357682056,0.4431890359862943,0.16378045800956897
S_slp_odd,P_random,100000,3,10184,0.10184,1.1724763293525682,5092,0.946282087001773,99991,4509,6791,2.443470357682056,0.38726972235482426,0.16464183299103752
S_slp_odd,P_random,100000,4,10203,0.10203,1.1746637851909125,5102,0.9199498922427076,99991,4496,6877,2.443470357682056,0.3764931665123197,0.1572903330088593
S_slp_odd,P_random,100000,5,10317,0.10317,1.1877885202209786,5159,0.9827602762498341,99991,4442,7102,2.443470357682056,0.402198566952172,0.16270600000279956
S_slp_odd,P_random,100000,6,10904,0.10904,1.2553693927003537,5452,1.1336512685342313,99989,4191,8245,2.443470357682056,0.46395130801162837,0.17370487500738818
S_slp_odd,P_random,100000,7,10837,0.10837,1.2476557326388238,5419,1.109148622226017,99991,4216,8064,2.443470357682056,0.45392350217752847,0.17034670899738558
S_slp_odd,P_random,100000,8,10112,0.10112,1.1641870230177895,5056,0.9023112693849291,99991,4544,6684,2.443470357682056,0.3692744896815064,0.16328475000045728
S_slp_odd,P_random,100000,9,10097,0.10097,1.162460084198044,5049,0.9182257066461839,99991,4551,6734,2.443470357682056,0.3757875366727339,0.15770441701170057
S_adaptive_prime,P_random,1000,0,174,0.174,1.2019494185428918,87,0.8643190648431885,997,82,110,1.9326447339160655,0.44722087286670753,0.0009501669992459938
S_adaptive_prime,P_random,1000,1,185,0.185,1.2779347266116954,93,0.9921228333379852,997,76,131,1.9326447339160655,0.5133498236521069,0.0009305419953307137
S_adaptive_prime,P_random,1000,2,191,0.191,1.319381258285588,96,1.0956359765820076,997,73,138,1.9326447339160655,0.566910181346134,0.0009153330029221252
S_adaptive_prime,P_random,1000,3,209,0.209,1.4437208533072667,105,1.1756433577994454,997,65,176,1.9326447339160655,0.6083080543299187,0.00102862500352785
S_adaptive_prime,P_random,1000,4,200,0.2,1.3815510557964275,100,1.170311187220657,997,68,155,1.9326447339160655,0.6055490523854776,0.0008942080021370202
S_adaptive_prime,P_random,1000,5,197,0.197,1.360827789959481,99,1.1372938438624645,997,70,153,1.9326447339160655,0.5884650313138499,0.0008874580089468509
S_adaptive_prime,P_random,1000,6,190,0.19,1.3124735030066061,95,0.9643702271809201,997,74,137,1.9326447339160655,0.4989899127641752,0.0008819159993436188
S_adaptive_prime,P_random,1000,7,195,0.195,1.3470122794015167,98,1.1378321292506859,997,71,149,1.9326447339160655,0.5887435539925269,0.0008799169881967828
S_adaptive_prime,P_random,1000,8,192,0.192,1.3262890135645702,96,1.1383907740421033,991,73,140,1.9326447339160655,0.5890326111490822,0.0008742499921936542
S_adaptive_prime,P_random,1000,9,185,0.185,1.2779347266116954,93,0.9622688952497711,997,76,129,1.9326447339160655,0.4979026296778052,0.0008679169986862689
S_adaptive_prime,P_random,10000,0,1250,0.125,1.151292546497023,625,0.7656757549907887,9973,605,778,2.2203268063678463,0.34484822360152034,0.010356708997278474
S_adaptive_prime,P_random,10000,1,1340,0.134,1.2341856098448087,670,1.0113383122644526,9973,559,935,2.2203268063678463,0.4554907454902393,0.010811209009261802
S_adaptive_prime,P_random,10000,2,1362,0.1362,1.2544483586631563,681,1.0244379334841003,9973,550,983,2.2203268063678463,0.46139060725026415,0.011135665990877897
S_adaptive_prime,P_random,10000,3,1527,0.1527,1.4064189748007634,764,1.3050145871338918,9973,489,1293,2.2203268063678463,0.5877578847362199,0.010959250008454546
S_adaptive_prime,P_random,10000,4,1331,0.1331,1.2258963035100299,666,1.0143260719357048,9973,565,923,2.2203268063678463,0.4568363850882856,0.00989833399944473
S_adaptive_prime,P_random,10000,5,1316,0.1316,1.2120807929520656,658,0.9539513513155149,9973,573,885,2.2203268063678463,0.42964456789856537,0.011114333989098668
S_adaptive_prime,P_random,10000,6,1299,0.1299,1.1964232143197062,650,0.9029460573875452,9973,581,860,2.2203268063678463,0.4066725919796656,0.010628541000187397
S_adaptive_prime,P_random,10000,7,1402,0.1402,1.291289720151061,701,1.1747402537330907,9973,538,1055,2.2203268063678463,0.5290843899033073,0.011097875001723878
S_adaptive_prime,P_random,10000,8,1284,0.1284,1.182607703761742,642,0.8860010841067255,9973,587,844,2.2203268063678463,0.39904084460255795,0.010898334003286436
S_adaptive_prime,P_random,10000,9,1401,0.1401,1.2903686861138632,701,1.1200001089198315,9973,534,1052,2.2203268063678463,0.5044302963454285,0.011399791008443572
S_adaptive_prime,P_random,100000,0,10631,0.10631,1.223939106180985,5316,1.0403862045022778,99991,4315,7661,2.443470357682056,0.4257822081742858,0.17453362500236835
S_adaptive_prime,P_random,100000,1,11259,0.11259,1.296240278100998,5630,1.2147426004778796,99991,4029,8985,2.443470357682056,0.4971382593854006,0.16816166699572932
S_adaptive_prime,P_random,100000,2,10667,0.10667,1.2280837593483742,5334,1.082919272282196,99991,4284,7698,2.443470357682056,0.4431890359862943,0.16771712500485592
S_adaptive_prime,P_random,100000,3,10184,0.10184,1.1724763293525682,5092,0.946282087001773,99991,4509,6791,2.443470357682056,0.38726972235482426,0.16485566699702758
S_adaptive_prime,P_random,100000,4,10203,0.10203,1.1746637851909125,5102,0.9199498922427076,99991,4496,6877,2.443470357682056,0.3764931665123197,0.1639646669937065
S_adaptive_prime,P_random,100000,5,10317,0.10317,1.1877885202209786,5159,0.9827602762498341,99991,4442,7102,2.443470357682056,0.402198566952172,0.1556452920049196
S_adaptive_prime,P_random,100000,6,10904,0.10904,1.2553693927003537,5452,1.1336512685342313,99989,4191,8245,2.443470357682056,0.46395130801162837,0.16586158399877604
S_adaptive_prime,P_random,100000,7,10837,0.10837,1.2476557326388238,5419,1.109148622226017,99991,4216,8064,2.443470357682056,0.45392350217752847,0.17157349998888094
S_adaptive_prime,P_random,100000,8,10112,0.10112,1.1641870230177895,5056,0.9023112693849291,99991,4544,6684,2.443470357682056,0.3692744896815064,0.16957304200332146
S_adaptive_prime,P_random,100000,9,10097,0.10097,1.162460084198044,5049,0.9182257066461839,99991,4551,6734,2.443470357682056,0.3757875366727339,0.1616193329973612
S_carrier_snipe,P_random,1000,0,377,0.377,2.6042237401762653,189,2.085804134560534,997,130,308,1.9326447339160655,1.0792486057870168,0.0015683340025134385
S_carrier_snipe,P_random,1000,1,231,0.231,1.5956914694448736,116,0.9010821684951131,997,110,137,1.9326447339160655,0.46624304647511433,0.0012885409960290417
S_carrier_snipe,P_random,1000,2,382,0.382,2.638762516571176,191,2.070361277407956,997,126,318,1.9326447339160655,1.0712580750487126,0.0013312079972820356
S_carrier_snipe,P_random,1000,3,389,0.389,2.6871168035240514,195,2.0661665161082787,997,125,327,1.9326447339160655,1.0690875978647465,0.0012800830008927733
S_carrier_snipe,P_random,1000,4,386,0.386,2.666393537687105,193,2.0669617835905827,997,122,328,1.9326447339160655,1.0694990896761218,0.0014575410023098812
S_carrier_snipe,P_random,1000,5,360,0.36,2.4867919004335692,180,2.055099189001779,997,122,287,1.9326447339160655,1.0633610787004746,0.0016596659988863394
S_carrier_snipe,P_random,1000,6,371,0.371,2.5627772085023723,186,2.0800411798921425,997,126,305,1.9326447339160655,1.076266705095567,0.0013778749998891726
S_carrier_snipe,P_random,1000,7,375,0.375,2.5904082296183013,188,2.0466964171198625,997,121,308,1.9326447339160655,1.0590132688136102,0.0013559579965658486
S_carrier_snipe,P_random,1000,8,385,0.385,2.659485782408123,193,2.073099104106857,997,128,324,1.9326447339160655,1.0726746968679508,0.0013485420058714226
S_carrier_snipe,P_random,1000,9,390,0.39,2.6940245588030334,195,2.061431874721038,997,123,326,1.9326447339160655,1.0666377728637249,0.0013810420059598982
S_carrier_snipe,P_random,10000,0,3565,0.3565,3.283486342609509,1783,2.3657261560641127,9973,872,3250,2.2203268063678463,1.0654855624312891,0.02020266700128559
S_carrier_snipe,P_random,10000,1,2889,0.2889,2.6608673334639197,1445,1.8337823190067146,9973,885,2298,2.2203268063678463,0.8259064898678289,0.023098707999452017
S_carrier_snipe,P_random,10000,2,3558,0.3558,3.277039104349126,1779,2.3705720773009835,9973,885,3264,2.2203268063678463,1.0676680885454508,0.02059762499993667
S_carrier_snipe,P_random,10000,3,3570,0.357,3.2880915127954977,1785,2.3652993774629625,9973,869,3286,2.2203268063678463,1.0652933481140425,0.020065166012500413
S_carrier_snipe,P_random,10000,4,3604,0.3604,3.319406670060217,1802,2.370026291279123,9973,890,3309,2.2203268063678463,1.0674222751722593,0.0192660419997992
S_carrier_snipe,P_random,10000,5,3579,0.3579,3.296380819130276,1790,2.367746961977736,9973,865,3306,2.2203268063678463,1.0663957013837297,0.020567290994222276
S_carrier_snipe,P_random,10000,6,2866,0.2866,2.6396835506083742,1433,1.8357095404681907,9973,894,2272,2.2203268063678463,0.8267744798663953,0.021985416009556502
S_carrier_snipe,P_random,10000,7,3474,0.3474,3.1996722452245265,1737,2.3667779697658595,9973,880,3170,2.2203268063678463,1.0659592826506417,0.019909666996682063
S_carrier_snipe,P_random,10000,8,3547,0.3547,3.2669077299399523,1774,2.3705099858398975,9973,877,3238,2.2203268063678463,1.0676401235355666,0.01986716699320823
S_carrier_snipe,P_random,10000,9,3529,0.3529,3.2503291172703954,1765,2.3584095166145564,9973,862,3237,2.2203268063678463,1.0621902639965848,0.018628042002092116
S_carrier_snipe,P_random,100000,0,34628,0.34628,3.9866958300098907,17314,2.610390633152754,99991,6767,34607,2.443470357682056,1.0683127892040578,0.4202424999966752
S_carrier_snipe,P_random,100000,1,34450,0.3445,3.966202822682244,17225,2.6042330093034773,99991,6627,34419,2.443470357682056,1.0657927570580088,0.42529225000180304
S_carrier_snipe,P_random,100000,2,34396,0.34396,3.95998584293116,17198,2.606958296869715,99991,6673,34363,2.443470357682056,1.0669080918758305,0.4215387909935089
S_carrier_snipe,P_random,100000,3,34388,0.34388,3.959064808893962,17194,2.6079989547450237,99991,6717,34213,2.443470357682056,1.0673339852663668,0.4161600420047762
S_carrier_snipe,P_random,100000,4,21349,0.21349,2.457894457516494,10675,1.516685748888275,99991,7220,15148,2.443470357682056,0.6207096984499724,0.9723616670089541
S_carrier_snipe,P_random,100000,5,34431,0.34431,3.964015366843899,17216,2.605525978326259,99991,6663,34311,2.443470357682056,1.0663219097930592,0.43037695898965467
S_carrier_snipe,P_random,100000,6,33409,0.33409,3.8463532685919035,16705,2.609073903794357,99991,6748,32961,2.443470357682056,1.0677739124567884,0.40254608300165273
S_carrier_snipe,P_random,100000,7,34308,0.34308,3.9498544685219863,17154,2.604505006351058,99991,6664,34193,2.443470357682056,1.065904072935742,0.40665683399129193
S_carrier_snipe,P_random,100000,8,34274,0.34274,3.945940073863896,17137,2.6080107280015716,99991,6743,34062,2.443470357682056,1.0673388035186164,0.41698354099935386
S_carrier_snipe,P_random,100000,9,23604,0.23604,2.717510926751573,11802,1.738525332031906,99991,7255,17961,2.443470357682056,0.7114984335971727,0.8357967500051018
S_primorial_anchor,P_random,1000,0,171,0.171,1.1812261527059453,86,0.8883623307907523,997,86,105,1.9326447339160655,0.4596614759044141,0.0010496250033611432
S_primorial_anchor,P_random,1000,1,170,0.17,1.1743183974269633,85,0.31156881879338316,997,84,88,1.9326447339160655,0.16121370540878444,0.0008792499866103753
S_primorial_anchor,P_random,1000,2,185,0.185,1.2779347266116954,93,1.1387522822453813,997,86,121,1.9326447339160655,0.5892196647740625,0.0009189580014208332
S_primorial_anchor,P_random,1000,3,178,0.178,1.2295804396588204,89,0.5785771545099918,997,84,101,1.9326447339160655,0.2993706729211616,0.0008775000023888424
S_primorial_anchor,P_random,1000,4,178,0.178,1.2295804396588204,89,0.7661312076341869,997,85,105,1.9326447339160655,0.3964159548774368,0.0008771249995334074
S_primorial_anchor,P_random,1000,5,173,0.173,1.1950416632639096,87,0.6804027739114586,997,86,103,1.9326447339160655,0.35205786245709886,0.0008694160060258582
S_primorial_anchor,P_random,1000,6,175,0.175,1.2088571738218739,88,0.9261206244324893,997,87,106,1.9326447339160655,0.4791985863619726,0.0008702920022187755
S_primorial_anchor,P_random,1000,7,172,0.172,1.1881339079849276,86,0.6669755943314537,997,86,100,1.9326447339160655,0.345110295041127,0.0008635409903945401
S_primorial_anchor,P_random,1000,8,192,0.192,1.3262890135645702,96,1.2491151058290206,997,88,137,1.9326447339160655,0.6463242229201498,0.0009057080023922026
S_primorial_anchor,P_random,1000,9,182,0.182,1.2572114607747489,91,1.0135403847808646,997,90,112,1.9326447339160655,0.5244318145979966,0.0009559999889461324
S_primorial_anchor,P_random,10000,0,1265,0.1265,1.1651080570549872,633,0.6492038109943069,9973,627,712,2.2203268063678463,0.2923911061796873,0.010811000000103377
S_primorial_anchor,P_random,10000,1,1289,0.1289,1.1872128739477301,645,0.7745947222248419,9973,622,749,2.2203268063678463,0.3488651850724506,0.010765999992145225
S_primorial_anchor,P_random,10000,2,1383,0.1383,1.2737900734443062,692,1.0910006193801938,9973,647,887,2.2203268063678463,0.4913693859170772,0.010674208999262191
S_primorial_anchor,P_random,10000,3,1443,0.1443,1.3290521156761634,722,1.3568969577759609,9973,645,998,2.2203268063678463,0.6111248821049278,0.010290083009749651
S_primorial_anchor,P_random,10000,4,1331,0.1331,1.2258963035100299,666,0.7613579137683376,9973,626,770,2.2203268063678463,0.3429035363554503,0.011002999992342666
S_primorial_anchor,P_random,10000,5,1279,0.1279,1.1780025335757538,640,0.39013392034022554,9973,625,668,2.2203268063678463,0.1757101338511657,0.010526458994718269
S_primorial_anchor,P_random,10000,6,1327,0.1327,1.2222121673612396,664,0.8177544299800681,9973,634,777,2.2203268063678463,0.3683036333366634,0.010960707993945107
S_primorial_anchor,P_random,10000,7,1268,0.1268,1.16787115916658,634,0.7006418526277122,9973,629,717,2.2203268063678463,0.3155579848057896,0.011472875004983507
S_primorial_anchor,P_random,10000,8,1295,0.1295,1.192739078170916,648,0.9281376177155499,9973,636,796,2.2203268063678463,0.4180184714491905,0.011593749994062819
S_primorial_anchor,P_random,10000,9,1299,0.1299,1.1964232143197062,650,0.7812055204703288,9973,626,763,2.2203268063678463,0.35184258381687294,0.011248915994656272
S_primorial_anchor,P_random,100000,0,10593,0.10593,1.2195641945042963,5297,1.0902331915082397,99991,4891,7042,2.443470357682056,0.446182286632061,0.1709687499969732
S_primorial_anchor,P_random,100000,1,10261,0.10261,1.1813412819605953,5131,0.8533045979164363,99991,4844,6107,2.443470357682056,0.34921831371259393,0.1549746660020901
S_primorial_anchor,P_random,100000,2,10817,0.10817,1.2453531475458295,5409,1.1787263603905533,99991,4910,7158,2.443470357682056,0.48239846932652214,0.16652804201294202
S_primorial_anchor,P_random,100000,3,10186,0.10186,1.1727065878618674,5093,0.9868894055075762,99991,4868,6392,2.443470357682056,0.4038884295874033,0.1621538750041509
S_primorial_anchor,P_random,100000,4,9747,0.09747,1.122164845070648,4874,0.3254086502991307,99991,4815,4992,2.443470357682056,0.13317478940396166,0.15384920799988322
S_primorial_anchor,P_random,100000,5,10193,0.10193,1.1735124926444154,5097,1.0119514039069895,99991,4916,6316,2.443470357682056,0.4141451524981685,0.1639465000043856
S_primorial_anchor,P_random,100000,6,10258,0.10258,1.180995894196646,5129,0.8502882603340726,99991,4864,6002,2.443470357682056,0.3479838655135885,0.15735454199602827
S_primorial_anchor,P_random,100000,7,10090,0.1009,1.161654179415496,5045,0.8200923257883114,99991,4870,5785,2.443470357682056,0.33562605873650697,0.15624145900073927
S_primorial_anchor,P_random,100000,8,10065,0.10065,1.1587759480492534,5033,0.9161041424697782,99991,4849,6350,2.443470357682056,0.3749192780627059,0.15938204199483152
S_primorial_anchor,P_random,100000,9,9673,0.09673,1.1136452802265702,4837,0.2593368675038145,99991,4806,4905,2.443470357682056,0.10613464848815628,0.15241679101018235
S_pair_response,P_random,1000,0,174,0.174,1.2019494185428918,87,0.8643190648431885,997,82,110,1.9326447339160655,0.44722087286670753,0.001028250000672415
S_pair_response,P_random,1000,1,170,0.17,1.1743183974269633,85,0.3099865985245156,997,83,88,1.9326447339160655,0.16039502402306408,0.0009476660052314401
S_pair_response,P_random,1000,2,191,0.191,1.319381258285588,96,1.0956359765820076,997,73,138,1.9326447339160655,0.566910181346134,0.0009830420021899045
S_pair_response,P_random,1000,3,178,0.178,1.2295804396588204,89,0.5713287278962663,997,79,106,1.9326447339160655,0.29562015091030125,0.0010514169989619404
S_pair_response,P_random,1000,4,180,0.18,1.2433959502167846,90,0.760661372573717,997,79,114,1.9326447339160655,0.39358572179606416,0.0010222920100204647
S_pair_response,P_random,1000,5,173,0.173,1.1950416632639096,87,0.6750505472828064,997,82,104,1.9326447339160655,0.3492884829975812,0.000979958989773877
S_pair_response,P_random,1000,6,190,0.19,1.3124735030066061,95,0.9643702271809201,997,74,137,1.9326447339160655,0.4989899127641752,0.0010252500069327652
S_pair_response,P_random,1000,7,172,0.172,1.1881339079849276,86,0.652834355591983,991,82,101,1.9326447339160655,0.33779325508478864,0.0009687920100986958
S_pair_response,P_random,1000,8,192,0.192,1.3262890135645702,96,1.1383907740421033,991,73,140,1.9326447339160655,0.5890326111490822,0.0010677499958546832
S_pair_response,P_random,1000,9,185,0.185,1.2779347266116954,93,0.9622688952497711,997,76,129,1.9326447339160655,0.4979026296778052,0.0011968330072704703
S_pair_response,P_random,10000,0,1267,0.1267,1.1669501251293826,634,0.6440058490089284,9973,597,745,2.2203268063678463,0.290050026492467,0.014951624994864687
S_pair_response,P_random,10000,1,1307,0.1307,1.2037914866172872,654,0.7693200865961626,9973,576,818,2.2203268063678463,0.34648957279161346,0.016114042009576224
S_pair_response,P_random,10000,2,1362,0.1362,1.2544483586631563,681,1.0244379334841003,9973,550,983,2.2203268063678463,0.46139060725026415,0.01607829199929256
S_pair_response,P_random,10000,3,1527,0.1527,1.4064189748007634,764,1.3050145871338918,9973,489,1293,2.2203268063678463,0.5877578847362199,0.016820082993945107
S_pair_response,P_random,10000,4,1330,0.133,1.2249752694728324,665,0.7048273060647311,9973,566,831,2.2203268063678463,0.3174430466917314,0.0163807080098195
S_pair_response,P_random,10000,5,1279,0.1279,1.1780025335757538,640,0.3869605761848986,9973,591,697,2.2203268063678463,0.17428090994312392,0.015190125006483868
S_pair_response,P_random,10000,6,1314,0.1314,1.2102387248776705,657,0.7673600301469964,9973,575,833,2.2203268063678463,0.3456067944350469,0.015287957998225465
S_pair_response,P_random,10000,7,1274,0.1274,1.1733973633897659,637,0.6942434360212806,9973,593,746,2.2203268063678463,0.3126762393852141,0.01590395900711883
S_pair_response,P_random,10000,8,1284,0.1284,1.182607703761742,642,0.8860010841067255,9973,587,844,2.2203268063678463,0.39904084460255795,0.016547667008126155
S_pair_response,P_random,10000,9,1309,0.1309,1.2056335546916823,655,0.7605628542597739,9973,576,817,2.2203268063678463,0.34254545415499066,0.014894207997713238
S_pair_response,P_random,100000,0,10631,0.10631,1.223939106180985,5316,1.0403862045022778,99991,4315,7661,2.443470357682056,0.4257822081742858,0.47936162500991486
S_pair_response,P_random,100000,1,10284,0.10284,1.1839892548175384,5142,0.8205899572779616,99991,4463,6570,2.443470357682056,0.3358297164105547,0.44955591698817443
S_pair_response,P_random,100000,2,10667,0.10667,1.2280837593483742,5334,1.082919272282196,99991,4284,7698,2.443470357682056,0.4431890359862943,0.46571212500566617
S_pair_response,P_random,100000,3,10184,0.10184,1.1724763293525682,5092,0.946282087001773,99991,4509,6791,2.443470357682056,0.38726972235482426,0.46129187499172986
S_pair_response,P_random,100000,4,9755,0.09755,1.1230858791078457,4878,0.32220207882260654,99991,4715,5095,2.443470357682056,0.13186248722421842,0.4301231250137789
S_pair_response,P_random,100000,5,10317,0.10317,1.1877885202209786,5159,0.9827602762498341,99991,4442,7102,2.443470357682056,0.402198566952172,0.4558402499969816
S_pair_response,P_random,100000,6,10207,0.10207,1.1751243022095113,5104,0.7801715360554208,99991,4499,6368,2.443470357682056,0.3192883161453668,0.44366133300354704
S_pair_response,P_random,100000,7,10388,0.10388,1.1959626973011075,5194,0.8218344025177463,99991,4421,6709,2.443470357682056,0.3363390105936711,0.45034533299622126
S_pair_response,P_random,100000,8,10112,0.10112,1.1641870230177895,5056,0.9023112693849291,99991,4544,6684,2.443470357682056,0.3692744896815064,0.4563725830084877
S_pair_response,P_random,100000,9,9675,0.09675,1.1138755387358696,4838,0.2583981654283943,99991,4755,4955,2.443470357682056,0.10575048091580615,0.4322842080000555
S_harmonic,P_random,1000,0,413,0.413,2.8529029302196225,207,1.954290301758007,997,71,448,1.9326447339160655,1.0111999724843799,0.004508541009272449
S_harmonic,P_random,1000,1,424,0.424,2.9288882382884256,212,1.954081309556627,997,66,469,1.9326447339160655,1.011091834554158,0.004543292001471855
S_harmonic,P_random,1000,2,416,0.416,2.873626196056569,208,1.9813941832160935,937,67,456,1.9326447339160655,1.0252242165590613,0.004196875001071021
S_harmonic,P_random,1000,3,423,0.423,2.921980483009444,212,1.9679417095346283,967,72,463,1.9326447339160655,1.0182635613256459,0.004524624993791804
S_harmonic,P_random,1000,4,413,0.413,2.8529029302196225,207,1.9564094425797849,983,69,443,1.9326447339160655,1.0122964703479493,0.004559833992971107
S_harmonic,P_random,1000,5,431,0.431,2.977242525241301,216,1.9728634724080876,991,71,478,1.9326447339160655,1.0208102077874022,0.004638166006770916
S_harmonic,P_random,1000,6,418,0.418,2.8874417066145335,209,1.9642344072558886,991,73,451,1.9326447339160655,1.0163453079531144,0.004597249993821606
S_harmonic,P_random,1000,7,409,0.409,2.825271909103694,205,1.9619349900928946,887,68,439,1.9326447339160655,1.0151555304825626,0.0047953750035958365
S_harmonic,P_random,1000,8,397,0.397,2.7423788457559084,199,1.982697153855177,967,71,405,1.9326447339160655,1.0258984070174613,0.004345209003076889
S_harmonic,P_random,1000,9,411,0.411,2.8390874196616585,206,1.9675749299999514,997,74,431,1.9326447339160655,1.0180737801784747,0.004685791995143518
S_harmonic,P_random,10000,0,4295,0.4295,3.955841189763771,2148,2.314464721023565,9887,447,5352,2.2203268063678463,1.0423982246152834,0.06729795900173485
S_harmonic,P_random,10000,1,4272,0.4272,3.934657406908226,2136,2.3218856769551,9871,471,5269,2.2203268063678463,1.0457405055399887,0.06792825000593439
S_harmonic,P_random,10000,2,4238,0.4238,3.9033422496435066,2119,2.323108896965872,9973,470,5241,2.2203268063678463,1.0462914244440273,0.06872329200268723
S_harmonic,P_random,10000,3,4253,0.4253,3.917157760201471,2127,2.3239337137038483,9967,482,5240,2.2203268063678463,1.0466629088289434,0.0668592910078587
S_harmonic,P_random,10000,4,4278,0.4278,3.9401836111314115,2139,2.3181399739105655,9949,461,5306,2.2203268063678463,1.0440535002604991,0.06928454199805856
S_harmonic,P_random,10000,5,4301,0.4301,3.9613673939869565,2151,2.3192962850129386,9941,456,5344,2.2203268063678463,1.0445742844527437,0.069534541995381
S_harmonic,P_random,10000,6,3985,0.3985,3.6703206382325093,1993,2.3222913162713295,9931,477,4886,2.2203268063678463,1.045923199058378,0.06751808298577089
S_harmonic,P_random,10000,7,4347,0.4347,4.003734959698047,2174,2.3201828608399935,9931,471,5354,2.2203268063678463,1.04497358415246,0.06976637500338256
S_harmonic,P_random,10000,8,4299,0.4299,3.9595253259125616,2150,2.324481608787952,9871,475,5332,2.2203268063678463,1.0469096720903392,0.07096379199356306
S_harmonic,P_random,10000,9,4239,0.4239,3.904263283680704,2120,2.3221910164438855,9931,456,5250,2.2203268063678463,1.045878025605913,0.06701541699294467
S_harmonic,P_random,100000,0,42975,0.42975,4.9476797185709565,21488,2.5762363526207914,99971,3365,58016,2.443470357682056,1.0543350135275147,1.339904666005168
S_harmonic,P_random,100000,1,43544,0.43544,5.013188264466637,21772,2.5753303691820935,99989,3276,58981,2.443470357682056,1.0539642361878798,1.3188885419949656
S_harmonic,P_random,100000,2,43105,0.43105,4.962646521675417,21553,2.5757560780724726,99907,3325,58540,2.443470357682056,1.0541384592510084,1.3028869999980088
S_harmonic,P_random,100000,3,43132,0.43132,4.965755011550959,21566,2.577178586906724,99907,3377,58307,2.443470357682056,1.05472062667112,1.2998052499897312
S_harmonic,P_random,100000,4,43234,0.43234,4.977498195525229,21617,2.5750204977642865,99767,3288,58726,2.443470357682056,1.0538374200729093,1.349782958990545
S_harmonic,P_random,100000,5,43026,0.43026,4.95355131055809,21513,2.576799828264038,99871,3351,58252,2.443470357682056,1.0545656181843197,1.2894333749864018
S_harmonic,P_random,100000,6,43534,0.43534,5.012036971920139,21767,2.5781033114680336,99923,3354,58683,2.443470357682056,1.055099073890012,1.2671002499992028
S_harmonic,P_random,100000,7,43337,0.43337,4.989356508754148,21669,2.5765861764820723,99991,3349,58327,2.443470357682056,1.0544781803394963,1.3077407090022461
S_harmonic,P_random,100000,8,43170,0.4317,4.970129923227647,21585,2.575536092841067,99971,3310,58490,2.443470357682056,1.0540484294167138,1.2777958329970716
S_harmonic,P_random,100000,9,42640,0.4264,4.909111418263306,21320,2.576624998205193,99929,3370,57460,2.443470357682056,1.054494068284688,1.2821422909910325
S_slp_odd,P_random,1000000,0,83464,0.083464,1.1530977732099301,41732,0.9352102617294845,999983,36819,56320,2.625791914476011,0.3561631279971818,2.2472479170100996
S_slp_odd,P_random,1000000,1,88280,0.08828,1.219633272057086,44140,1.1218979826463318,999983,34626,65252,2.625791914476011,0.4272608109048168,2.288948583009187
S_slp_odd,P_random,1000000,2,94803,0.094803,1.3097518474266872,47402,1.319407503211147,999983,32041,78435,2.625791914476011,0.5024798408195422,2.3647143339912873
S_slp_odd,P_random,1000000,3,92488,0.092488,1.2777689404849997,46244,1.2214512741257684,999983,32981,73159,2.625791914476011,0.4651744364783432,2.3591138330084505
S_slp_odd,P_random,1000000,4,79467,0.079467,1.097877177509747,39734,0.7304641578734009,999983,38768,48944,2.625791914476011,0.2781881358710667,2.1862089169881074
S_slp_odd,P_random,1000000,5,81508,0.081508,1.126074634558552,40754,0.8657038034133394,999983,37760,52707,2.625791914476011,0.3296924629254541,2.2077448750060285
S_slp_odd,P_random,1000000,6,89743,0.089743,1.2398453640033877,44872,1.163731679016425,999983,34092,68307,2.625791914476011,0.4431926507964181,2.3365844159998232
S_slp_odd,P_random,1000000,7,85705,0.085705,1.184058332370328,42853,1.0491216525770601,999979,35778,60701,2.625791914476011,0.3995448560844614,2.23480862499855
S_slp_odd,P_random,1000000,8,99083,0.099083,1.368882232614774,49542,1.4158881535924979,999961,30460,86625,2.625791914476011,0.5392232894719097,2.4321387079980923
S_slp_odd,P_random,1000000,9,83214,0.083214,1.1496438955704391,41607,0.9170305068370308,999983,36941,55680,2.625791914476011,0.3492395957887731,2.2359474590048194
S_adaptive_prime,P_random,1000000,0,83464,0.083464,1.1530977732099301,41732,0.9352102617294845,999983,36819,56320,2.625791914476011,0.3561631279971818,2.260124124994036
S_adaptive_prime,P_random,1000000,1,88280,0.08828,1.219633272057086,44140,1.1218979826463318,999983,34626,65252,2.625791914476011,0.4272608109048168,2.2977354580070823
S_adaptive_prime,P_random,1000000,2,94803,0.094803,1.3097518474266872,47402,1.319407503211147,999983,32041,78435,2.625791914476011,0.5024798408195422,2.392667624997557
S_adaptive_prime,P_random,1000000,3,92488,0.092488,1.2777689404849997,46244,1.2214512741257684,999983,32981,73159,2.625791914476011,0.4651744364783432,2.342758792001405
S_adaptive_prime,P_random,1000000,4,79467,0.079467,1.097877177509747,39734,0.7304641578734009,999983,38768,48944,2.625791914476011,0.2781881358710667,2.1925332919927314
S_adaptive_prime,P_random,1000000,5,81508,0.081508,1.126074634558552,40754,0.8657038034133394,999983,37760,52707,2.625791914476011,0.3296924629254541,2.224405166998622
S_adaptive_prime,P_random,1000000,6,89743,0.089743,1.2398453640033877,44872,1.163731679016425,999983,34092,68307,2.625791914476011,0.4431926507964181,2.313183124992065
S_adaptive_prime,P_random,1000000,7,85705,0.085705,1.184058332370328,42853,1.0491216525770601,999979,35778,60701,2.625791914476011,0.3995448560844614,2.2461013329884736
S_adaptive_prime,P_random,1000000,8,99083,0.099083,1.368882232614774,49542,1.4158881535924979,999961,30460,86625,2.625791914476011,0.5392232894719097,2.442945500006317
S_adaptive_prime,P_random,1000000,9,83214,0.083214,1.1496438955704391,41607,0.9170305068370308,999983,36941,55680,2.625791914476011,0.3492395957887731,2.250108624997665
S_primorial_anchor,P_random,1000000,0,101479,0.101479,1.4019841959116566,50740,1.7480084841158143,999983,40916,73443,2.625791914476011,0.6657071622770373,2.4873607080080546
S_primorial_anchor,P_random,1000000,1,97210,0.09721,1.3430057813397072,48605,1.6786209264457501,999983,40902,68581,2.625791914476011,0.6392817790288332,2.378603125005611
S_primorial_anchor,P_random,1000000,2,98382,0.098382,1.3591975597136412,49191,1.717512331414151,999983,40860,69704,2.625791914476011,0.6540930840503744,2.395978959000786
S_primorial_anchor,P_random,1000000,3,98898,0.098898,1.3663263631615508,49449,1.6799500975558148,999983,40917,70234,2.625791914476011,0.6397879772171728,2.39272908399289
S_primorial_anchor,P_random,1000000,4,101926,0.101926,1.4081597291310666,50963,1.740781619028328,999983,40991,73825,2.625791914476011,0.6629549011219761,2.5067850000050385
S_primorial_anchor,P_random,1000000,5,100045,0.100045,1.3821727537715358,50023,1.7779792181889507,999983,41219,71293,2.625791914476011,0.6771211413924072,2.388277874997584
S_primorial_anchor,P_random,1000000,6,98744,0.098744,1.3641987745356243,49372,1.6998015379235325,999983,40913,70070,2.625791914476011,0.6473481499247955,2.3904285419994267
S_primorial_anchor,P_random,1000000,7,99249,0.099249,1.3711756073673962,49625,1.763042990074015,999983,41081,70560,2.625791914476011,0.6714328657782612,2.3635652079974534
S_primorial_anchor,P_random,1000000,8,101070,0.10107,1.396333652093449,50535,1.7309079907677205,999983,40744,73317,2.625791914476011,0.6591946533254259,2.4524776250036666
S_primorial_anchor,P_random,1000000,9,100023,0.100023,1.3818688125392606,50012,1.685723008250809,999983,40783,72143,2.625791914476011,0.6419865180319145,2.409971208006027
S_pair_response,P_random,1000000,0,83464,0.083464,1.1530977732099301,41732,0.9352102617294845,999983,36819,56320,2.625791914476011,0.3561631279971818,23.007623874989804
S_pair_response,P_random,1000000,1,79224,0.079224,1.0945200084441615,39612,0.25691975739212064,999983,38889,40615,2.625791914476011,0.09784467534373918,21.27582499998971
S_pair_response,P_random,1000000,2,83039,0.083039,1.1472261812227953,41520,0.7807525670608754,999983,37040,51609,2.625791914476011,0.2973398473643629,22.017551999990246
S_pair_response,P_random,1000000,3,86456,0.086456,1.1944337807993592,43228,0.9303430754920503,999979,35523,58211,2.625791914476011,0.3543095210108089,22.003477207996184
S_pair_response,P_random,1000000,4,79467,0.079467,1.097877177509747,39734,0.7304641578734009,999983,38768,48944,2.625791914476011,0.2781881358710667,23.626912540988997
S_pair_response,P_random,1000000,5,80196,0.080196,1.1079486847065028,40098,0.307413950547819,999983,38415,42124,2.625791914476011,0.11707475708682152,21.276783583001816
S_pair_response,P_random,1000000,6,80211,0.080211,1.1081559173648723,40106,0.5976152373248537,999983,38398,46175,2.625791914476011,0.22759428651988617,22.602613665992976
S_pair_response,P_random,1000000,7,84736,0.084736,1.1706711026396608,42368,0.8647020880272384,999983,36287,54871,2.625791914476011,0.3293109721528691,22.517220458001248
S_pair_response,P_random,1000000,8,99083,0.099083,1.368882232614774,49542,1.4158881535924979,999961,30460,86625,2.625791914476011,0.5392232894719097,22.70213670800149
S_pair_response,P_random,1000000,9,83214,0.083214,1.1496438955704391,41607,0.9170305068370308,999983,36941,55680,2.625791914476011,0.3492395957887731,23.01726008299738
