move,player,x,killed_now,top_live
1,P,720720,1,499999
2,S,3,333331,333333
3,P,800800,1,333332
4,S,5,133332,266666
5,P,544544,1,266665
6,S,7,76188,228571
7,P,739024,1,228570
8,S,11,41557,207792
9,P,772616,1,207791
10,S,17,24444,195568
11,P,727168,1,195567
12,S,19,20585,185273
13,P,554944,1,185272
14,S,23,16108,177219
15,P,747968,1,177218
16,S,29,12220,171107
17,P,752432,1,171106
18,S,37,9245,166478
19,P,733408,1,166477
20,S,41,8107,162422
21,P,840736,1,162421
22,S,43,7535,158651
23,P,606112,1,158650
24,S,47,6728,155289
25,P,841216,1,155288
26,S,53,5836,152380
27,P,760864,1,152379
28,S,59,5146,149820
29,P,786656,1,149819
30,S,61,4899,147390
31,P,989456,1,147389
32,S,71,4153,145341
33,P,941408,1,145340
34,S,73,3990,143377
35,P,854464,1,143376
36,S,79,3650,141588
37,P,945536,1,141587
38,S,89,3218,140016
39,P,524576,1,140015
40,S,97,2937,138580
41,P,917632,1,138579
42,S,101,2814,137202
43,P,889096,1,137201
44,S,103,2744,135857
45,P,849152,1,135856
46,S,107,2629,134567
47,P,702832,1,134566
48,S,109,2570,133304
49,P,918464,1,133303
50,S,127,2201,132215
51,P,947392,1,132214
52,S,131,2126,131159
53,P,954616,1,131158
54,S,137,2025,130152
55,P,896272,1,130151
56,S,139,1986,129161
57,P,805792,1,129160
58,S,149,1848,128234
59,P,973648,1,128233
60,S,151,1813,127321
61,P,849056,1,127320
62,S,157,1740,126441
63,P,881504,1,126440
64,S,163,1669,125597
65,P,555776,1,125596
66,S,167,1618,124777
67,P,557752,1,124776
68,S,173,1548,123989
69,P,950848,1,123988
70,S,179,1488,123230
71,P,961472,1,123229
72,S,181,1465,122482
73,P,757888,1,122481
74,S,191,1381,121774
75,P,765824,1,121773
76,S,193,1358,121075
77,P,844736,1,121074
78,S,197,1320,120392
79,P,853312,1,120391
80,S,199,1305,119715
81,P,954368,1,119714
82,S,211,1223,119078
83,P,913408,1,119077
84,S,223,1149,118479
85,P,731848,1,118478
86,S,227,1122,117892
87,P,762112,1,117891
88,S,229,1108,117311
89,P,999104,1,117310
90,S,233,1084,116741
91,P,770536,1,116740
92,S,239,1049,116187
93,P,802048,1,116186
94,S,251,982,115663
95,P,828568,1,115662
96,S,263,934,115163
97,P,867256,1,115162
98,S,271,900,114679
99,P,893048,1,114678
100,S,281,862,114216
101,P,912392,1,114215
102,S,293,816,113775
103,P,510848,1,113774
104,S,311,760,113361
105,P,520832,1,113360
106,S,317,740,112956
107,P,895024,1,112955
108,S,331,704,112567
109,P,787384,1,112566
110,S,337,688,112184
111,P,577408,1,112183
112,S,349,657,111813
113,P,587392,1,111812
114,S,359,633,111455
115,P,871456,1,111454
116,S,367,617,111105
117,P,620672,1,111104
118,S,379,591,110771
119,P,637312,1,110770
120,S,389,569,110446
121,P,660608,1,110445
122,S,401,550,110130
123,P,929312,1,110129
124,S,409,534,109820
125,P,697216,1,109819
126,S,421,513,109522
127,P,717184,1,109521
128,S,433,496,109233
129,P,730496,1,109232
130,S,443,478,108953
131,P,747136,1,108952
132,S,457,458,108683
133,P,767104,1,108682
134,S,463,448,108416
135,P,777088,1,108415
136,S,479,426,108160
137,P,987136,1,108159
138,S,482,414,107912
139,P,810368,1,107911
140,S,491,404,107666
141,P,830336,1,107665
142,S,503,387,107429
143,P,855296,1,107428
144,S,509,379,107196
145,P,895232,1,107195
146,S,521,368,106968
147,P,870272,1,106967
148,S,541,350,106751
149,P,921856,1,106750
150,S,547,344,106537
151,P,941824,1,106536
152,S,557,335,106327
153,P,936832,1,106326
154,S,569,325,106123
155,P,950144,1,106122
156,S,577,317,105923
157,P,976768,1,105922
158,S,593,303,105731
159,P,996736,1,105730
160,S,601,296,105542
161,P,989768,1,105541
162,S,607,290,105356
163,P,846352,1,105355
164,S,613,285,105172
165,P,897728,1,105171
166,S,617,280,104991
167,P,938288,1,104990
168,S,619,276,104812
169,P,535184,1,104811
170,S,631,266,104639
171,P,954512,1,104638
172,S,641,259,104471
173,P,674752,1,104470
174,S,643,256,104305
175,P,663104,1,104304
176,S,647,251,104142
177,P,654784,1,104141
178,S,653,246,103981
179,P,643136,1,103980
180,S,659,241,103823
181,P,639808,1,103822
182,S,661,238,103666
183,P,633152,1,103665
184,S,673,228,103515
185,P,629824,1,103514
186,S,677,223,103367
187,P,624832,1,103366
188,S,683,218,103222
189,P,618176,1,103221
190,S,691,212,103081
191,P,614848,1,103080
192,S,701,204,102946
193,P,609856,1,102945
194,S,709,199,102813
195,P,604864,1,102812
196,S,719,196,102683
197,P,673088,1,102682
198,S,746,187,102559
199,P,683072,1,102558
200,S,766,180,102440
201,P,684736,1,102439
202,S,794,170,102330
203,P,689728,1,102329
204,S,827,163,102228
205,P,698048,1,102227
206,S,853,156,102131
207,P,714688,1,102130
208,S,857,154,102036
209,P,718016,1,102035
210,S,838,153,101939
211,P,734656,1,101938
212,S,881,148,101849
213,P,729664,1,101848
214,S,887,145,101761
215,P,757952,1,101760
216,S,862,143,101672
217,P,754624,1,101671
218,S,878,138,101586
219,P,764608,1,101585
220,S,929,131,101510
221,P,779584,1,101509
222,S,898,130,101429
223,P,782912,1,101428
224,S,947,124,101358
225,P,792896,1,101357
226,S,961,120,101290
227,P,578344,1,101289
228,S,922,119,101218
229,P,552448,1,101217
230,S,967,117,101153
231,P,975416,1,101152
232,S,971,114,101091
233,P,752128,1,101090
234,S,934,112,101023
235,P,815392,1,101022
236,S,977,110,100963
237,P,817856,1,100962
238,S,991,106,100907
239,P,829504,1,100906
240,S,1009,101,100854
241,P,842816,1,100853
242,S,1021,100,100802
243,P,847808,1,100801
244,S,1049,99,100750
245,P,864448,1,100749
246,S,1033,99,100698
247,P,857792,1,100697
248,S,1061,98,100647
249,P,874432,1,100646
250,S,1063,97,100597
251,P,904384,1,100596
252,S,974,96,100542
253,P,889408,1,100541
254,S,1097,95,100492
255,P,909376,1,100491
256,S,1091,95,100442
320,S,1174,71,99089
384,S,1579,64,98029
448,S,2213,45,97258
512,S,2539,38,96576
576,S,2711,36,96025
640,S,2909,34,95500
704,S,3257,31,95023
768,S,3338,28,94618
832,S,3994,22,94329
896,S,4549,21,94093
960,S,4943,20,93848
1024,S,5227,20,93592
1088,S,5297,20,93336
1152,S,5623,20,93080
1216,S,6113,18,92836
1280,S,7186,17,92614
1344,S,8059,16,92421
1408,S,7846,15,92228
1472,S,8537,15,92017
1536,S,8434,14,91800
1600,S,8674,14,91620
1664,S,9502,13,91449
1728,S,9787,13,91264
1792,S,10111,13,91072
1856,S,11117,13,90880
1920,S,10799,13,90688
1984,S,10487,13,90496
2048,S,11933,13,90304
2112,S,11621,13,90112
2176,S,11299,13,89920
2240,S,12479,12,89752
2304,S,12163,12,89592
2368,S,13523,12,89432
2432,S,12917,12,89272
2496,S,15118,10,89145
2560,S,13844,10,89049
2624,S,15887,10,88926
2688,S,11401,9,88795
2752,S,16901,9,88671
2816,S,16561,9,88543
2880,S,18541,9,88415
2944,S,18253,9,88287
3008,S,17971,9,88159
3072,S,17657,9,88031
3136,S,17359,9,87903
3200,S,17029,9,87775
3264,S,15256,8,87677
3328,S,21001,8,87558
3392,S,20681,8,87430
3456,S,20341,8,87302
3520,S,20023,8,87174
3584,S,19727,8,87046
3648,S,19427,8,86918
3712,S,23131,8,86790
3776,S,22817,8,86662
3840,S,22531,8,86534
3904,S,22159,8,86406
3968,S,21871,8,86278
4032,S,21577,8,86150
4096,S,21277,8,86022
4160,S,24061,8,85894
4224,S,23767,8,85766
4288,S,23473,8,85638
4352,S,25747,8,85510
4416,S,25111,8,85382
4480,S,9379,7,85257
4544,S,32059,7,85148
4608,S,31667,7,85020
4672,S,31319,7,84892
4736,S,29948,6,84817
4800,S,28508,6,84753
4864,S,27364,6,84689
4928,S,26276,6,84625
4992,S,19097,6,84562
5056,S,34253,6,84466
5120,S,33857,6,84370
5184,S,33577,6,84274
5248,S,33247,6,84178
5312,S,32939,6,84082
5376,S,32587,6,83986
5440,S,32321,6,83890
5504,S,36767,6,83794
5568,S,36277,6,83698
5632,S,35797,6,83602
5696,S,35227,6,83506
5760,S,34693,6,83410
5824,S,28801,5,83348
5888,S,43319,5,83273
5952,S,42937,5,83177
6016,S,42641,5,83081
6080,S,42323,5,82985
6144,S,41999,5,82889
6208,S,41669,5,82793
6272,S,41357,5,82697
6336,S,41047,5,82601
6400,S,40709,5,82505
6464,S,40343,5,82409
6528,S,39971,5,82313
6592,S,39631,5,82217
6656,S,39293,5,82121
6720,S,38959,5,82025
6784,S,38653,5,81929
6848,S,52433,5,81833
6912,S,52057,5,81737
6976,S,51713,5,81641
7040,S,51421,5,81545
7104,S,51061,5,81449
7168,S,50683,5,81353
7232,S,50321,5,81257
7296,S,49993,5,81161
7360,S,49663,5,81065
7424,S,49331,5,80969
7488,S,49003,5,80873
7552,S,48649,5,80777
7616,S,48313,5,80681
7680,S,47939,5,80585
7744,S,47609,5,80489
7808,S,47293,5,80393
7872,S,46877,5,80297
7936,S,46567,5,80201
8000,S,46199,5,80105
8064,S,45833,5,80009
8128,S,45491,5,79913
8192,S,45127,5,79817
8256,S,44771,5,79721
8320,S,44449,5,79625
8384,S,44087,5,79529
8448,S,43753,5,79433
8512,S,58727,5,79337
8576,S,58369,5,79241
8640,S,58043,5,79145
8704,S,57709,5,79049
8768,S,57329,5,78953
8832,S,56993,5,78857
8896,S,56701,5,78761
8960,S,56393,5,78665
9024,S,56009,5,78569
9088,S,55697,5,78473
9152,S,55339,5,78377
9216,S,54979,5,78281
9280,S,54601,5,78185
9344,S,54319,5,78089
9408,S,53917,5,77993
9472,S,53597,5,77897
9536,S,53201,5,77801
9600,S,52889,5,77705
9664,S,59359,5,77609
9728,S,59029,5,77513
9792,S,49186,4,77433
9856,S,50606,4,77369
9920,S,51878,4,77305
9984,S,52594,4,77241
10048,S,53294,4,77177
10112,S,53854,4,77113
10176,S,54554,4,77049
10240,S,55346,4,76985
10304,S,55894,4,76921
10368,S,56594,4,76857
10432,S,57214,4,76793
10496,S,57802,4,76729
10560,S,58462,4,76665
10624,S,59146,4,76601
10688,S,59894,4,76537
10752,S,60542,4,76473
10816,S,61298,4,76409
10880,S,61942,4,76345
10944,S,38204,4,76283
11008,S,33452,4,76251
11072,S,37172,4,76219
11136,S,36028,4,76187
11200,S,76831,4,76117
11264,S,76471,4,76021
11328,S,76081,4,75925
11392,S,75703,4,75829
11456,S,75367,4,75733
11520,S,75011,4,75637
11584,S,74653,4,75541
11648,S,74297,4,75445
11712,S,73951,4,75349
11776,S,73589,4,75253
11840,S,73189,4,75157
11904,S,72869,4,75061
11968,S,72481,4,74965
12032,S,72101,4,74869
12096,S,71807,4,74773
12160,S,71419,4,74677
12224,S,71129,4,74581
12288,S,70793,4,74485
12352,S,70429,4,74389
12416,S,70111,4,74293
12480,S,69739,4,74197
12544,S,69317,4,74101
12608,S,68917,4,74005
12672,S,68567,4,73909
12736,S,68161,4,73813
12800,S,67801,4,73717
12864,S,67481,4,73621
12928,S,67153,4,73525
12992,S,66809,4,73429
13056,S,66457,4,73333
13120,S,66041,4,73237
13184,S,65699,4,73141
13248,S,65381,4,73045
13312,S,65033,4,72949
13376,S,64661,4,72853
13440,S,64237,4,72757
13504,S,63839,4,72661
13568,S,63559,4,72565
13632,S,63247,4,72469
13696,S,62861,4,72373
13760,S,50219,3,72279
13824,S,62044,3,72232
13888,S,60964,3,72200
13952,S,59692,3,72168
14016,S,58556,3,72136
14080,S,57388,3,72104
14144,S,55988,3,72072
14208,S,53948,3,72040
14272,S,51596,3,72008
14336,S,90887,3,71961
14400,S,90481,3,71897
14464,S,90121,3,71833
14528,S,89591,3,71769
14592,S,88883,3,71705
14656,S,88019,3,71641
14720,S,87383,3,71577
14784,S,86579,3,71513
14848,S,85853,3,71449
14912,S,85133,3,71385
14976,S,84407,3,71321
15040,S,83639,3,71257
15104,S,82889,3,71193
15168,S,82183,3,71129
15232,S,81509,3,71065
15296,S,80783,3,71001
15360,S,80107,3,70937
15424,S,79379,3,70873
15488,S,78623,3,70809
15552,S,77849,3,70745
15616,S,77239,3,70681
15680,S,119242,2,70637
15744,S,119962,2,70605
15808,S,120674,2,70573
15872,S,121438,2,70541
15936,S,122114,2,70509
16000,S,122966,2,70477
16064,S,123562,2,70445
16128,S,124282,2,70413
16192,S,79778,2,70381
16256,S,75892,2,70349
16320,S,105803,2,70315
16384,S,47723,2,70257
16448,S,61037,2,70205
16512,S,142567,2,70145
16576,S,142157,2,70081
16640,S,141773,2,70017
16704,S,141443,2,69953
16768,S,141073,2,69889
16832,S,140683,2,69825
16896,S,140351,2,69761
16960,S,139969,2,69697
17024,S,139591,2,69633
17088,S,139267,2,69569
17152,S,138797,2,69505
17216,S,138427,2,69441
17280,S,138071,2,69377
17344,S,137653,2,69313
17408,S,137279,2,69249
17472,S,136889,2,69185
17536,S,136531,2,69121
17600,S,136247,2,69057
17664,S,135841,2,68993
17728,S,135479,2,68929
17792,S,135173,2,68865
17856,S,134753,2,68801
17920,S,134339,2,68737
17984,S,133981,2,68673
18048,S,133559,2,68609
18112,S,133183,2,68545
18176,S,132817,2,68481
18240,S,132491,2,68417
18304,S,132103,2,68353
18368,S,131711,2,68289
18432,S,131317,2,68225
18496,S,130873,2,68161
18560,S,130513,2,68097
18624,S,130171,2,68033
18688,S,129749,2,67969
18752,S,129403,2,67905
18816,S,129011,2,67841
18880,S,128663,2,67777
18944,S,128339,2,67713
19008,S,127921,2,67649
19072,S,127607,2,67585
19136,S,127241,2,67521
19200,S,126757,2,67457
19264,S,126397,2,67393
19328,S,126019,2,67329
19392,S,125659,2,67265
19456,S,125269,2,67201
19520,S,199877,2,67137
19584,S,199499,2,67073
19648,S,199049,2,67009
19712,S,198689,2,66945
19776,S,198323,2,66881
19840,S,197947,2,66817
19904,S,197569,2,66753
19968,S,197207,2,66689
20032,S,196799,2,66625
20096,S,196387,2,66561
20160,S,195977,2,66497
20224,S,195593,2,66433
20288,S,195197,2,66369
20352,S,194839,2,66305
20416,S,194431,2,66241
20480,S,193951,2,66177
20544,S,193601,2,66113
20608,S,193189,2,66049
20672,S,192847,2,65985
20736,S,192497,2,65921
20800,S,192103,2,65857
20864,S,191699,2,65793
20928,S,191341,2,65729
20992,S,190901,2,65665
21056,S,190577,2,65601
21120,S,190097,2,65537
21184,S,189701,2,65473
21248,S,189389,2,65409
21312,S,188957,2,65345
21376,S,188621,2,65281
21440,S,187871,2,65217
21504,S,187111,2,65153
21568,S,186259,2,65089
21632,S,185599,2,65025
21696,S,184859,2,64961
21760,S,184073,2,64897
21824,S,183319,2,64833
21888,S,182549,2,64769
21952,S,181837,2,64705
22016,S,181001,2,64641
22080,S,180077,2,64577
22144,S,179437,2,64513
22208,S,178697,2,64449
22272,S,177967,2,64385
22336,S,177109,2,64321
22400,S,176389,2,64257
22464,S,175723,2,64193
22528,S,174821,2,64129
22592,S,174049,2,64065
22656,S,173263,2,64001
22720,S,172507,2,63937
22784,S,171757,2,63873
22848,S,170953,2,63809
22912,S,170239,2,63745
22976,S,169501,2,63681
23040,S,168713,2,63617
23104,S,167861,2,63553
23168,S,167051,2,63489
23232,S,166319,2,63425
23296,S,165523,2,63361
23360,S,164627,2,63297
23424,S,163883,2,63233
23488,S,163127,2,63169
23552,S,162413,2,63105
23616,S,161563,2,63041
23680,S,160757,2,62977
23744,S,160019,2,62913
23808,S,159311,2,62849
23872,S,158489,2,62785
23936,S,157649,2,62721
24000,S,156943,2,62657
24064,S,156109,2,62593
24128,S,155371,2,62529
24192,S,154589,2,62465
24256,S,153817,2,62401
24320,S,152989,2,62337
24384,S,152249,2,62273
24448,S,151549,2,62209
24512,S,150847,2,62145
24576,S,150067,2,62081
24640,S,149333,2,62017
24704,S,148663,2,61953
24768,S,147793,2,61889
24832,S,147089,2,61825
24896,S,146299,2,61761
24960,S,145549,2,61697
25024,S,144779,2,61633
25088,S,143981,2,61569
25152,S,143239,2,61505
25216,S,154738,1,61461
25280,S,156082,1,61429
25344,S,157606,1,61397
25408,S,159122,1,61365
25472,S,160478,1,61333
25536,S,161866,1,61301
25600,S,163298,1,61269
25664,S,164678,1,61237
25728,S,166154,1,61205
25792,S,167686,1,61173
25856,S,169066,1,61141
25920,S,170626,1,61109
25984,S,172222,1,61077
26048,S,173566,1,61045
26112,S,175082,1,61013
26176,S,176578,1,60981
26240,S,178114,1,60949
26304,S,179518,1,60917
26368,S,182278,1,60885
26432,S,182918,1,60853
26496,S,183746,1,60821
26560,S,184474,1,60789
26624,S,185138,1,60757
26688,S,185726,1,60725
26752,S,186482,1,60693
26816,S,187126,1,60661
26880,S,187966,1,60629
26944,S,188702,1,60597
27008,S,189446,1,60565
27072,S,189998,1,60533
27136,S,190306,1,60501
27200,S,190622,1,60469
27264,S,190958,1,60437
27328,S,108277,1,60405
27392,S,112853,1,60373
27456,S,124007,1,60341
27520,S,192674,1,60309
27584,S,193498,1,60277
27648,S,194234,1,60245
27712,S,195022,1,60213
27776,S,195758,1,60181
27840,S,196642,1,60149
27904,S,197338,1,60117
27968,S,197998,1,60085
28032,S,198742,1,60053
28096,S,199442,1,60021
28160,S,200258,1,59989
28224,S,201002,1,59957
28288,S,201826,1,59925
28352,S,202534,1,59893
28416,S,203162,1,59861
28480,S,203878,1,59829
28544,S,204482,1,59797
28608,S,205214,1,59765
28672,S,206086,1,59733
28736,S,206914,1,59701
28800,S,207734,1,59669
28864,S,208366,1,59637
28928,S,209158,1,59605
28992,S,209822,1,59573
29056,S,210662,1,59541
29120,S,211334,1,59509
29184,S,212206,1,59477
29248,S,212822,1,59445
29312,S,213506,1,59413
29376,S,214202,1,59381
29440,S,215206,1,59349
29504,S,215942,1,59317
29568,S,216586,1,59285
29632,S,217454,1,59253
29696,S,218074,1,59221
29760,S,218782,1,59189
29824,S,219578,1,59157
29888,S,220322,1,59125
29952,S,221138,1,59093
30016,S,221846,1,59061
30080,S,222602,1,59029
30144,S,223394,1,58997
30208,S,224134,1,58965
30272,S,224722,1,58933
30336,S,225686,1,58901
30400,S,226294,1,58869
30464,S,227026,1,58837
30528,S,227894,1,58805
30592,S,228598,1,58773
30656,S,229382,1,58741
30720,S,230198,1,58709
30784,S,230942,1,58677
30848,S,231622,1,58645
30912,S,232318,1,58613
30976,S,233074,1,58581
31040,S,233906,1,58549
31104,S,234638,1,58517
31168,S,235406,1,58485
31232,S,236066,1,58453
31296,S,236846,1,58421
31360,S,237638,1,58389
31424,S,238366,1,58357
31488,S,239254,1,58325
31552,S,239906,1,58293
31616,S,240638,1,58261
31680,S,241426,1,58229
31744,S,242026,1,58197
31808,S,242738,1,58165
31872,S,243442,1,58133
31936,S,244234,1,58101
32000,S,244954,1,58069
32064,S,245722,1,58037
32128,S,246518,1,58005
32192,S,247202,1,57973
32256,S,247958,1,57941
32320,S,248686,1,57909
32384,S,249478,1,57877
32448,S,195562,1,57845
32512,S,153284,1,57813
32576,S,139924,1,57781
32640,S,144068,1,57749
32704,S,148012,1,57717
32768,S,149852,1,57685
32832,S,151132,1,57653
32896,S,152708,1,57621
32960,S,81341,1,57589
33024,S,84383,1,57557
33088,S,86567,1,57525
33152,S,88283,1,57493
33216,S,89921,1,57461
33280,S,91559,1,57429
33344,S,93769,1,57397
33408,S,95797,1,57365
33472,S,98111,1,57333
33536,S,25558,1,57301
33600,S,200083,1,57269
33664,S,196703,1,57237
33728,S,192569,1,57205
33792,S,189059,1,57173
33856,S,184691,1,57141
33920,S,180401,1,57109
33984,S,172237,1,57077
34048,S,243737,1,57045
34112,S,248833,1,57013
34176,S,108841,1,56981
34240,S,113801,1,56949
34304,S,111079,1,56917
34368,S,209689,1,56885
34432,S,333107,1,56836
34496,S,332699,1,56772
34560,S,332219,1,56708
34624,S,331871,1,56644
34688,S,331451,1,56580
34752,S,331063,1,56516
34816,S,330661,1,56452
34880,S,330233,1,56388
34944,S,329867,1,56324
35008,S,329473,1,56260
35072,S,329083,1,56196
35136,S,328633,1,56132
35200,S,328177,1,56068
35264,S,327809,1,56004
35328,S,327463,1,55940
35392,S,327023,1,55876
35456,S,326633,1,55812
35520,S,326153,1,55748
35584,S,325781,1,55684
35648,S,325439,1,55620
35712,S,325019,1,55556
35776,S,324673,1,55492
35840,S,324319,1,55428
35904,S,323903,1,55364
35968,S,323443,1,55300
36032,S,323003,1,55236
36096,S,322589,1,55172
36160,S,322193,1,55108
36224,S,321817,1,55044
36288,S,321383,1,54980
36352,S,321017,1,54916
36416,S,320563,1,54852
36480,S,320149,1,54788
36544,S,319817,1,54724
36608,S,319439,1,54660
36672,S,319061,1,54596
36736,S,318683,1,54532
36800,S,318289,1,54468
36864,S,317921,1,54404
36928,S,317557,1,54340
36992,S,317159,1,54276
37056,S,316769,1,54212
37120,S,316373,1,54148
37184,S,315977,1,54084
37248,S,315569,1,54020
37312,S,315181,1,53956
37376,S,314719,1,53892
37440,S,314299,1,53828
37504,S,313961,1,53764
37568,S,313589,1,53700
37632,S,313207,1,53636
37696,S,312773,1,53572
37760,S,312383,1,53508
37824,S,312043,1,53444
37888,S,311569,1,53380
37952,S,311153,1,53316
38016,S,310729,1,53252
38080,S,310333,1,53188
38144,S,309857,1,53124
38208,S,309469,1,53060
38272,S,309083,1,52996
38336,S,308663,1,52932
38400,S,308293,1,52868
38464,S,307817,1,52804
38528,S,307339,1,52740
38592,S,306949,1,52676
38656,S,306563,1,52612
38720,S,306193,1,52548
38784,S,305761,1,52484
38848,S,305407,1,52420
38912,S,304981,1,52356
38976,S,304643,1,52292
39040,S,304279,1,52228
39104,S,303871,1,52164
39168,S,303497,1,52100
39232,S,303119,1,52036
39296,S,302801,1,51972
39360,S,302317,1,51908
39424,S,301897,1,51844
39488,S,301487,1,51780
39552,S,301079,1,51716
39616,S,300733,1,51652
39680,S,300343,1,51588
39744,S,299951,1,51524
39808,S,299513,1,51460
39872,S,299107,1,51396
39936,S,298681,1,51332
40000,S,298223,1,51268
40064,S,297833,1,51204
40128,S,297421,1,51140
40192,S,296969,1,51076
40256,S,296581,1,51012
40320,S,296201,1,50948
40384,S,295837,1,50884
40448,S,295319,1,50820
40512,S,294923,1,50756
40576,S,294499,1,50692
40640,S,294167,1,50628
40704,S,293717,1,50564
40768,S,293221,1,50500
40832,S,292801,1,50436
40896,S,292441,1,50372
40960,S,291997,1,50308
41024,S,291547,1,50244
41088,S,291167,1,50180
41152,S,290737,1,50116
41216,S,290399,1,50052
41280,S,290011,1,49988
41344,S,289589,1,49924
41408,S,289189,1,49860
41472,S,288877,1,49796
41536,S,288467,1,49732
41600,S,288049,1,49668
41664,S,287537,1,49604
41728,S,287137,1,49540
41792,S,286673,1,49476
41856,S,286301,1,49412
41920,S,285763,1,49348
41984,S,285433,1,49284
42048,S,284957,1,49220
42112,S,284633,1,49156
42176,S,284243,1,49092
42240,S,283859,1,49028
42304,S,283487,1,48964
42368,S,282991,1,48900
42432,S,282589,1,48836
42496,S,282143,1,48772
42560,S,281797,1,48708
42624,S,281429,1,48644
42688,S,281033,1,48580
42752,S,280697,1,48516
42816,S,280297,1,48452
42880,S,279883,1,48388
42944,S,279481,1,48324
43008,S,279007,1,48260
43072,S,278623,1,48196
43136,S,278227,1,48132
43200,S,277793,1,48068
43264,S,277373,1,48004
43328,S,276949,1,47940
43392,S,276557,1,47876
43456,S,276181,1,47812
43520,S,275813,1,47748
43584,S,275447,1,47684
43648,S,275039,1,47620
43712,S,274693,1,47556
43776,S,274201,1,47492
43840,S,273827,1,47428
43904,S,273311,1,47364
43968,S,272933,1,47300
44032,S,272477,1,47236
44096,S,272183,1,47172
44160,S,271769,1,47108
44224,S,271333,1,47044
44288,S,270931,1,46980
44352,S,270551,1,46916
44416,S,270167,1,46852
44480,S,269723,1,46788
44544,S,269341,1,46724
44608,S,268979,1,46660
44672,S,268637,1,46596
44736,S,268123,1,46532
44800,S,267727,1,46468
44864,S,267469,1,46404
44928,S,267133,1,46340
44992,S,266701,1,46276
45056,S,266293,1,46212
45120,S,265921,1,46148
45184,S,265541,1,46084
45248,S,265141,1,46020
45312,S,264769,1,45956
45376,S,264331,1,45892
45440,S,263933,1,45828
45504,S,263537,1,45764
45568,S,263183,1,45700
45632,S,262733,1,45636
45696,S,262349,1,45572
45760,S,261973,1,45508
45824,S,261529,1,45444
45888,S,261061,1,45380
45952,S,260677,1,45316
46016,S,260263,1,45252
46080,S,259823,1,45188
46144,S,259451,1,45124
46208,S,258991,1,45060
46272,S,258617,1,44996
46336,S,258277,1,44932
46400,S,257869,1,44868
46464,S,257443,1,44804
46528,S,257069,1,44740
46592,S,256577,1,44676
46656,S,256133,1,44612
46720,S,255763,1,44548
46784,S,255383,1,44484
46848,S,255023,1,44420
46912,S,254713,1,44356
46976,S,254197,1,44292
47040,S,253811,1,44228
47104,S,253481,1,44164
47168,S,252983,1,44100
47232,S,252589,1,44036
47296,S,252173,1,43972
47360,S,251791,1,43908
47424,S,251417,1,43844
47488,S,251063,1,43780
47552,S,250721,1,43716
47616,S,250123,1,43652
47680,S,364267,1,43588
47744,S,363437,1,43524
47808,S,362599,1,43460
47872,S,361807,1,43396
47936,S,360989,1,43332
48000,S,360049,1,43268
48064,S,359143,1,43204
48128,S,358417,1,43140
48192,S,357611,1,43076
48256,S,356749,1,43012
48320,S,355799,1,42948
48384,S,354997,1,42884
48448,S,354253,1,42820
48512,S,353471,1,42756
48576,S,352601,1,42692
48640,S,351847,1,42628
48704,S,351047,1,42564
48768,S,350237,1,42500
48832,S,349403,1,42436
48896,S,348571,1,42372
48960,S,347813,1,42308
49024,S,347003,1,42244
49088,S,346207,1,42180
49152,S,345463,1,42116
49216,S,344587,1,42052
49280,S,343769,1,41988
49344,S,342929,1,41924
49408,S,342107,1,41860
49472,S,341303,1,41796
49536,S,340559,1,41732
49600,S,339671,1,41668
49664,S,338731,1,41604
49728,S,337949,1,41540
49792,S,337189,1,41476
49856,S,336403,1,41412
49920,S,335557,1,41348
49984,S,334751,1,41284
50048,S,333923,1,41220
50112,S,30083,0,41173
50176,S,288826,0,41173
50240,S,291926,0,41173
50304,S,294902,0,41173
50368,S,298042,0,41173
50432,S,300854,0,41173
50496,S,303766,0,41173
50560,S,306854,0,41173
50624,S,309962,0,41173
50688,S,313178,0,41173
50752,S,316142,0,41173
50816,S,319346,0,41173
50880,S,322318,0,41173
50944,S,325498,0,41173
51008,S,328534,0,41173
51072,S,331774,0,41173
51136,S,334858,0,41173
51200,S,338258,0,41173
51264,S,341218,0,41173
51328,S,344314,0,41173
51392,S,347398,0,41173
51456,S,350618,0,41173
51520,S,353482,0,41173
51584,S,356786,0,41173
51648,S,359558,0,41173
51712,S,362878,0,41173
51776,S,365842,0,41173
51840,S,368978,0,41173
51904,S,371902,0,41173
51968,S,374866,0,41173
52032,S,400546,0,41173
52096,S,402242,0,41173
52160,S,403762,0,41173
52224,S,405358,0,41173
52288,S,406862,0,41173
52352,S,408658,0,41173
52416,S,410222,0,41173
52480,S,411826,0,41173
52544,S,413194,0,41173
52608,S,414866,0,41173
52672,S,416278,0,41173
52736,S,417814,0,41173
52800,S,419278,0,41173
52864,S,420638,0,41173
52928,S,422302,0,41173
52992,S,423758,0,41173
53056,S,425674,0,41173
53120,S,427178,0,41173
53184,S,428762,0,41173
53248,S,430358,0,41173
53312,S,431966,0,41173
53376,S,433682,0,41173
53440,S,435158,0,41173
53504,S,436918,0,41173
53568,S,438338,0,41173
53632,S,439822,0,41173
53696,S,441418,0,41173
53760,S,442978,0,41173
53824,S,444538,0,41173
53888,S,446102,0,41173
53952,S,447674,0,41173
54016,S,449258,0,41173
54080,S,450766,0,41173
54144,S,452378,0,41173
54208,S,454106,0,41173
54272,S,455458,0,41173
54336,S,457174,0,41173
54400,S,458618,0,41173
54464,S,460034,0,41173
54528,S,461522,0,41173
54592,S,463094,0,41173
54656,S,464818,0,41173
54720,S,466502,0,41173
54784,S,468278,0,41173
54848,S,469702,0,41173
54912,S,471358,0,41173
54976,S,473126,0,41173
55040,S,474686,0,41173
55104,S,476414,0,41173
55168,S,477898,0,41173
55232,S,479566,0,41173
55296,S,481178,0,41173
55360,S,482686,0,41173
55424,S,484138,0,41173
55488,S,485734,0,41173
55552,S,487402,0,41173
55616,S,488926,0,41173
55680,S,490522,0,41173
55744,S,492098,0,41173
55808,S,493618,0,41173
55872,S,495226,0,41173
55936,S,496702,0,41173
56000,S,498214,0,41173
56064,S,499762,0,41173
56128,S,51739,0,41173
56192,S,72829,0,41173
56256,S,320546,0,41173
56320,S,404027,0,41173
56384,S,395083,0,41173
56448,S,385723,0,41173
56512,S,377273,0,41173
56576,S,369343,0,41173
56640,S,360763,0,41173
56704,S,351403,0,41173
56768,S,343187,0,41173
56832,S,331123,0,41173
56896,S,48022,0,41173
56960,S,448643,0,41145
57024,S,475579,0,41145
57088,S,488657,0,41145
57152,S,497393,0,41137
57216,S,780377,0,41114
57280,S,789841,0,41050
57344,S,799643,0,40986
57408,S,808613,0,40922
57472,S,780673,0,40860
57536,S,813781,0,40796
57600,S,833311,0,40732
57664,S,855941,0,40668
57728,S,875099,0,40604
57792,S,894133,0,40540
57856,S,915337,0,40476
57920,S,936913,0,40412
57984,S,958241,0,40348
58048,S,273451,0,40313
58112,S,100321,0,40272
58176,S,879107,0,40247
58240,S,947581,0,40183
58304,S,988451,0,40119
58368,S,145049,0,40100
58432,S,294197,0,40082
58496,S,482849,0,40060
58560,S,762023,0,40039
58624,S,478103,0,40012
58688,S,671387,0,39987
58752,S,567289,0,39923
58816,S,124837,0,39860
58880,S,327269,0,39838
58944,S,120559,0,39804
59008,S,242071,0,39804
59072,S,541907,0,39751
59136,S,564649,0,39687
59200,S,586727,0,39623
59264,S,615113,0,39559
59328,S,508463,0,39495
59392,S,880157,0,39431
59456,S,143179,0,39417
59520,S,482903,0,39402
59584,S,482257,0,39402
59648,S,448423,0,39402
59712,S,923477,0,39379
59776,S,999839,0,39315
59840,S,940363,0,39251
59904,S,937249,0,39187
59968,S,331393,0,39160
60032,S,317069,0,39157
60096,S,662861,0,39148
60160,S,674389,0,39084
60224,S,952387,0,39020
60288,S,83959,0,39008
60352,S,508751,0,38955
60416,S,997979,0,38900
60480,S,712001,0,38854
60544,S,530737,0,38793
60608,S,950353,0,38733
60672,S,816863,0,38672
60736,S,811829,0,38611
60800,S,761953,0,38550
60864,S,641933,0,38489
60928,S,983561,0,38429
60992,S,680591,0,38368
61056,S,877087,0,38308
61120,S,701273,0,38247
61184,S,528361,0,38186
61248,S,496571,0,38127
61312,S,455249,0,38089
61376,S,539681,0,38053
61440,S,898489,0,37993
61504,S,158167,0,37959
61568,S,975461,0,37900
61632,S,892343,0,37870
61696,S,961391,0,37850
61760,S,286067,0,37796
61824,S,812059,0,37775
61888,S,894533,0,37725
61952,S,471083,0,37672
62016,S,403723,0,37641
62080,S,468497,0,37608
62144,S,834079,0,37559
62208,S,478979,0,37507
62272,S,839777,0,37461
62336,S,561311,0,37407
62400,S,425437,0,37373
62464,S,342523,0,37373
62528,S,774443,0,37330
62592,S,137843,0,37312
62656,S,673627,0,37260
62720,S,744647,0,37245
62784,S,258169,0,37228
62848,S,758497,0,37175
62912,S,128633,0,37155
62976,S,623377,0,37100
63040,S,140141,0,37080
63104,S,624781,0,37057
63168,S,559063,0,37033
63232,S,579121,0,36975
63296,S,500173,0,36935
63360,S,500527,0,36871
63424,S,500953,0,36807
63488,S,501317,0,36743
63552,S,501821,0,36679
63616,S,502261,0,36615
63680,S,502769,0,36551
63744,S,503249,0,36487
63808,S,503653,0,36423
63872,S,504061,0,36359
63936,S,504479,0,36295
64000,S,504937,0,36231
64064,S,505279,0,36167
64128,S,505639,0,36103
64192,S,506119,0,36039
64256,S,506533,0,35975
64320,S,506911,0,35911
64384,S,507361,0,35847
64448,S,507809,0,35783
64512,S,508243,0,35719
64576,S,508643,0,35655
64640,S,509101,0,35591
64704,S,509569,0,35527
64768,S,509939,0,35463
64832,S,510311,0,35399
64896,S,510793,0,35335
64960,S,511211,0,35271
65024,S,511579,0,35207
65088,S,512011,0,35143
65152,S,512579,0,35079
65216,S,512929,0,35015
65280,S,513313,0,34951
65344,S,513739,0,34887
65408,S,514127,0,34823
65472,S,514561,0,34759
65536,S,514939,0,34695
65600,S,515563,0,34631
65664,S,515929,0,34567
65728,S,516349,0,34503
65792,S,516689,0,34439
65856,S,517081,0,34375
65920,S,517459,0,34311
65984,S,517831,0,34247
66048,S,518233,0,34183
66112,S,518717,0,34119
66176,S,519097,0,34055
66240,S,519521,0,33991
66304,S,519923,0,33927
66368,S,520363,0,33863
66432,S,520763,0,33799
66496,S,521179,0,33735
66560,S,521557,0,33671
66624,S,521981,0,33607
66688,S,522373,0,33543
66752,S,522763,0,33479
66816,S,523297,0,33415
66880,S,523673,0,33351
66944,S,524119,0,33287
67008,S,524521,0,33223
67072,S,524971,0,33159
67136,S,525379,0,33095
67200,S,525769,0,33031
67264,S,526159,0,32967
67328,S,526573,0,32903
67392,S,526937,0,32839
67456,S,527353,0,32775
67520,S,527809,0,32711
67584,S,528247,0,32647
67648,S,528709,0,32583
67712,S,529121,0,32519
67776,S,529547,0,32455
67840,S,529981,0,32391
67904,S,530353,0,32327
67968,S,530753,0,32263
68032,S,531197,0,32199
68096,S,531673,0,32135
68160,S,532153,0,32071
68224,S,532529,0,32007
68288,S,532919,0,31943
68352,S,533317,0,31879
68416,S,533831,0,31815
68480,S,534199,0,31751
68544,S,534637,0,31687
68608,S,535133,0,31623
68672,S,535607,0,31559
68736,S,536023,0,31495
68800,S,536407,0,31431
68864,S,536773,0,31367
68928,S,537091,0,31303
68992,S,537637,0,31239
69056,S,538117,0,31175
69120,S,538511,0,31111
69184,S,538877,0,31047
69248,S,539309,0,30983
69312,S,539761,0,30919
69376,S,540269,0,30855
69440,S,540677,0,30791
69504,S,541141,0,30727
69568,S,541543,0,30663
69632,S,541987,0,30599
69696,S,542293,0,30535
69760,S,542783,0,30471
69824,S,543203,0,30407
69888,S,543607,0,30343
69952,S,543967,0,30279
70016,S,544477,0,30215
70080,S,544903,0,30151
70144,S,545437,0,30087
70208,S,545843,0,30023
70272,S,546239,0,29959
70336,S,546677,0,29895
70400,S,547171,0,29831
70464,S,547567,0,29767
70528,S,547999,0,29703
70592,S,548441,0,29639
70656,S,548833,0,29575
70720,S,549203,0,29511
70784,S,549641,0,29447
70848,S,550061,0,29383
70912,S,550489,0,29319
70976,S,550861,0,29255
71040,S,551297,0,29191
71104,S,551723,0,29127
71168,S,552107,0,29063
71232,S,552589,0,28999
71296,S,553051,0,28935
71360,S,553463,0,28871
71424,S,553837,0,28807
71488,S,554263,0,28743
71552,S,554731,0,28679
71616,S,555083,0,28615
71680,S,555593,0,28551
71744,S,556103,0,28487
71808,S,556537,0,28423
71872,S,556841,0,28359
71936,S,557281,0,28295
72000,S,557741,0,28231
72064,S,558179,0,28167
72128,S,558587,0,28103
72192,S,559067,0,28039
72256,S,559513,0,27975
72320,S,559859,0,27911
72384,S,560221,0,27847
72448,S,560617,0,27783
72512,S,561019,0,27719
72576,S,561461,0,27655
72640,S,562043,0,27591
72704,S,562459,0,27527
72768,S,562813,0,27463
72832,S,563183,0,27399
72896,S,563743,0,27335
72960,S,564173,0,27271
73024,S,564523,0,27207
73088,S,565013,0,27143
73152,S,565393,0,27079
73216,S,565793,0,27015
73280,S,566233,0,26951
73344,S,566701,0,26887
73408,S,567143,0,26823
73472,S,567659,0,26759
73536,S,568033,0,26695
73600,S,568453,0,26631
73664,S,568963,0,26567
73728,S,569269,0,26503
73792,S,569759,0,26439
73856,S,570091,0,26375
73920,S,570509,0,26311
73984,S,570881,0,26247
74048,S,571303,0,26183
74112,S,571783,0,26119
74176,S,572179,0,26055
74240,S,572581,0,25991
74304,S,572927,0,25927
74368,S,573409,0,25863
74432,S,573829,0,25799
74496,S,574261,0,25735
74560,S,574699,0,25671
74624,S,575137,0,25607
74688,S,575581,0,25543
74752,S,575963,0,25479
74816,S,576391,0,25415
74880,S,576731,0,25351
74944,S,577193,0,25287
75008,S,577601,0,25223
75072,S,578047,0,25159
75136,S,578489,0,25095
75200,S,578857,0,25031
75264,S,579353,0,24967
75328,S,579713,0,24903
75392,S,580187,0,24839
75456,S,580639,0,24775
75520,S,581041,0,24711
75584,S,581407,0,24647
75648,S,581821,0,24583
75712,S,582223,0,24519
75776,S,582727,0,24455
75840,S,583147,0,24391
75904,S,583511,0,24327
75968,S,583937,0,24263
76032,S,584429,0,24199
76096,S,584869,0,24135
76160,S,585251,0,24071
76224,S,585677,0,24007
76288,S,586051,0,23943
76352,S,586471,0,23879
76416,S,586871,0,23815
76480,S,587201,0,23751
76544,S,587603,0,23687
76608,S,587971,0,23623
76672,S,588383,0,23559
76736,S,588827,0,23495
76800,S,589273,0,23431
76864,S,589759,0,23367
76928,S,590201,0,23303
76992,S,590657,0,23239
77056,S,591127,0,23175
77120,S,591601,0,23111
77184,S,592073,0,23047
77248,S,592469,0,22983
77312,S,592873,0,22919
77376,S,593233,0,22855
77440,S,593627,0,22791
77504,S,594151,0,22727
77568,S,594521,0,22663
77632,S,594931,0,22599
77696,S,595267,0,22535
77760,S,595717,0,22471
77824,S,596147,0,22407
77888,S,596611,0,22343
77952,S,596983,0,22279
78016,S,597437,0,22215
78080,S,597833,0,22151
78144,S,598333,0,22087
78208,S,598783,0,22023
78272,S,599231,0,21959
78336,S,599629,0,21895
78400,S,600073,0,21831
78464,S,600451,0,21767
78528,S,600931,0,21703
78592,S,601297,0,21639
78656,S,601801,0,21575
78720,S,602179,0,21511
78784,S,602551,0,21447
78848,S,602971,0,21383
78912,S,603467,0,21319
78976,S,603853,0,21255
79040,S,604291,0,21191
79104,S,604711,0,21127
79168,S,605113,0,21063
79232,S,605533,0,20999
79296,S,605977,0,20935
79360,S,606433,0,20871
79424,S,606857,0,20807
79488,S,607199,0,20743
79552,S,607697,0,20679
79616,S,608123,0,20615
79680,S,608519,0,20551
79744,S,608941,0,20487
79808,S,609313,0,20423
79872,S,609683,0,20359
79936,S,610217,0,20295
80000,S,610661,0,20231
80064,S,611011,0,20167
80128,S,611483,0,20103
80192,S,611951,0,20039
80256,S,612301,0,19975
80320,S,612763,0,19911
80384,S,613189,0,19847
80448,S,613559,0,19783
80512,S,613993,0,19719
80576,S,614503,0,19655
80640,S,614863,0,19591
80704,S,615367,0,19527
80768,S,615749,0,19463
80832,S,616153,0,19399
80896,S,616507,0,19335
80960,S,616897,0,19271
81024,S,617273,0,19207
81088,S,617693,0,19143
81152,S,618119,0,19079
81216,S,618577,0,19015
81280,S,619027,0,18951
81344,S,619537,0,18887
81408,S,619921,0,18823
81472,S,620363,0,18759
81536,S,620759,0,18695
81600,S,621217,0,18631
81664,S,621641,0,18567
81728,S,622091,0,18503
81792,S,622519,0,18439
81856,S,622967,0,18375
81920,S,623417,0,18311
81984,S,623867,0,18247
82048,S,624233,0,18183
82112,S,624643,0,18119
82176,S,625087,0,18055
82240,S,625529,0,17991
82304,S,625997,0,17927
82368,S,626533,0,17863
82432,S,626921,0,17799
82496,S,627349,0,17735
82560,S,627797,0,17671
82624,S,628231,0,17607
82688,S,628757,0,17543
82752,S,629203,0,17479
82816,S,629683,0,17415
82880,S,630023,0,17351
82944,S,630529,0,17287
83008,S,630967,0,17223
83072,S,631453,0,17159
83136,S,631817,0,17095
83200,S,632189,0,17031
83264,S,632561,0,16967
83328,S,633001,0,16903
83392,S,633467,0,16839
83456,S,633937,0,16775
83520,S,634307,0,16711
83584,S,634709,0,16647
83648,S,635149,0,16583
83712,S,635519,0,16519
83776,S,635959,0,16455
83840,S,636343,0,16391
83904,S,636809,0,16327
83968,S,637283,0,16263
84032,S,637657,0,16199
84096,S,638123,0,16135
84160,S,638663,0,16071
84224,S,639169,0,16007
84288,S,639631,0,15943
84352,S,640039,0,15879
84416,S,640463,0,15815
84480,S,640919,0,15751
84544,S,641387,0,15687
84608,S,641821,0,15623
84672,S,642217,0,15559
84736,S,642779,0,15495
84800,S,643129,0,15431
84864,S,643649,0,15367
84928,S,644089,0,15303
84992,S,644443,0,15239
85056,S,644801,0,15175
85120,S,645187,0,15111
85184,S,645647,0,15047
85248,S,646073,0,14983
85312,S,646523,0,14919
85376,S,646957,0,14855
85440,S,647359,0,14791
85504,S,647743,0,14727
85568,S,648119,0,14663
85632,S,648617,0,14599
85696,S,649063,0,14535
85760,S,649483,0,14471
85824,S,649799,0,14407
85888,S,650291,0,14343
85952,S,650827,0,14279
86016,S,651223,0,14215
86080,S,651697,0,14151
86144,S,652121,0,14087
86208,S,652541,0,14023
86272,S,652903,0,13959
86336,S,653357,0,13895
86400,S,653789,0,13831
86464,S,654167,0,13767
86528,S,654593,0,13703
86592,S,655001,0,13639
86656,S,655387,0,13575
86720,S,655859,0,13511
86784,S,656333,0,13447
86848,S,656771,0,13383
86912,S,657233,0,13319
86976,S,657649,0,13255
87040,S,658139,0,13191
87104,S,658549,0,13127
87168,S,658963,0,13063
87232,S,659437,0,12999
87296,S,659831,0,12935
87360,S,660199,0,12871
87424,S,660601,0,12807
87488,S,660983,0,12743
87552,S,661421,0,12679
87616,S,661931,0,12615
87680,S,662351,0,12551
87744,S,662789,0,12487
87808,S,663209,0,12423
87872,S,663631,0,12359
87936,S,664043,0,12295
88000,S,664471,0,12231
88064,S,664799,0,12167
88128,S,665221,0,12103
88192,S,665633,0,12039
88256,S,666089,0,11975
88320,S,666559,0,11911
88384,S,666989,0,11847
88448,S,667463,0,11783
88512,S,667859,0,11719
88576,S,668407,0,11655
88640,S,668851,0,11591
88704,S,669289,0,11527
88768,S,669701,0,11463
88832,S,670139,0,11399
88896,S,670541,0,11335
88960,S,670987,0,11271
89024,S,671383,0,11207
89088,S,671887,0,11143
89152,S,672193,0,11079
89216,S,672703,0,11015
89280,S,673093,0,10951
89344,S,673451,0,10887
89408,S,673891,0,10823
89472,S,674363,0,10759
89536,S,674813,0,10695
89600,S,675197,0,10631
89664,S,675611,0,10567
89728,S,676051,0,10503
89792,S,676493,0,10439
89856,S,676967,0,10375
89920,S,677423,0,10311
89984,S,677947,0,10247
90048,S,678407,0,10183
90112,S,678749,0,10119
90176,S,679157,0,10055
90240,S,679537,0,9991
90304,S,679919,0,9927
90368,S,680299,0,9863
90432,S,680707,0,9799
90496,S,681137,0,9735
90560,S,681557,0,9671
90624,S,681983,0,9607
90688,S,682417,0,9543
90752,S,682933,0,9479
90816,S,683437,0,9415
90880,S,683819,0,9351
90944,S,684221,0,9287
91008,S,684643,0,9223
91072,S,685063,0,9159
91136,S,685493,0,9095
91200,S,685969,0,9031
91264,S,686339,0,8967
91328,S,686843,0,8903
91392,S,687163,0,8839
91456,S,687551,0,8775
91520,S,688003,0,8711
91584,S,688433,0,8647
91648,S,688867,0,8583
91712,S,689291,0,8519
91776,S,689771,0,8455
91840,S,690139,0,8391
91904,S,690611,0,8327
91968,S,691153,0,8263
92032,S,691637,0,8199
92096,S,691973,0,8135
92160,S,692371,0,8071
92224,S,692753,0,8007
92288,S,693223,0,7943
92352,S,693683,0,7879
92416,S,694081,0,7815
92480,S,694483,0,7751
92544,S,694951,0,7687
92608,S,695327,0,7623
92672,S,695719,0,7559
92736,S,696253,0,7495
92800,S,696629,0,7431
92864,S,697049,0,7367
92928,S,697447,0,7303
92992,S,697891,0,7239
93056,S,698339,0,7175
93120,S,698827,0,7111
93184,S,699287,0,7047
93248,S,699709,0,6983
93312,S,700211,0,6919
93376,S,700627,0,6855
93440,S,701047,0,6791
93504,S,701497,0,6727
93568,S,701957,0,6663
93632,S,702349,0,6599
93696,S,702731,0,6535
93760,S,703211,0,6471
93824,S,703657,0,6407
93888,S,704029,0,6343
93952,S,704447,0,6279
94016,S,704801,0,6215
94080,S,705163,0,6151
94144,S,705737,0,6087
94208,S,706109,0,6023
94272,S,706507,0,5959
94336,S,706913,0,5895
94400,S,707383,0,5831
94464,S,707827,0,5767
94528,S,708137,0,5703
94592,S,708559,0,5639
94656,S,709057,0,5575
94720,S,709507,0,5511
94784,S,709871,0,5447
94848,S,710341,0,5383
94912,S,710693,0,5319
94976,S,711089,0,5255
95040,S,711563,0,5191
95104,S,711937,0,5127
95168,S,712427,0,5063
95232,S,712843,0,4999
95296,S,713243,0,4935
95360,S,713663,0,4871
95424,S,714163,0,4807
95488,S,714719,0,4743
95552,S,715109,0,4679
95616,S,715523,0,4615
95680,S,715889,0,4551
95744,S,716399,0,4487
95808,S,716783,0,4423
95872,S,717229,0,4359
95936,S,717683,0,4295
96000,S,718259,0,4231
96064,S,718691,0,4167
96128,S,719153,0,4103
96192,S,719633,0,4039
96256,S,720019,0,3975
96320,S,720403,0,3911
96384,S,720877,0,3847
96448,S,721199,0,3783
96512,S,721613,0,3719
96576,S,722077,0,3655
96640,S,722467,0,3591
96704,S,722971,0,3527
96768,S,723287,0,3463
96832,S,723727,0,3399
96896,S,724117,0,3335
96960,S,724567,0,3271
97024,S,724961,0,3207
97088,S,725393,0,3143
97152,S,725897,0,3079
97216,S,726331,0,3015
97280,S,726701,0,2951
97344,S,727159,0,2887
97408,S,727577,0,2823
97472,S,728003,0,2759
97536,S,728537,0,2695
97600,S,728891,0,2631
97664,S,729331,0,2567
97728,S,729689,0,2503
97792,S,730187,0,2439
97856,S,730669,0,2375
97920,S,731057,0,2311
97984,S,731531,0,2247
98048,S,731909,0,2183
98112,S,732287,0,2119
98176,S,732817,0,2055
98240,S,733273,0,1991
98304,S,733697,0,1927
98368,S,734113,0,1863
98432,S,734537,0,1799
98496,S,734953,0,1735
98560,S,735331,0,1671
98624,S,735733,0,1607
98688,S,736147,0,1543
98752,S,736679,0,1479
98816,S,737111,0,1415
98880,S,737531,0,1351
98944,S,737921,0,1287
99008,S,738383,0,1223
99072,S,738851,0,1159
99136,S,739217,0,1095
99200,S,739601,0,1031
99264,S,740041,0,967
99328,S,740521,0,903
99392,S,741001,0,839
99456,S,741431,0,775
99520,S,741859,0,711
99584,S,742283,0,647
99648,S,742717,0,583
99712,S,743167,0,519
99776,S,743693,0,455
99840,S,744199,0,391
99904,S,744677,0,327
99968,S,745141,0,263
100032,S,745673,0,199
100096,S,746101,0,135
100160,S,746503,0,71
100224,S,746957,0,7
